volcano_number,volcano_name,tectonic_settings,primary_volcano_type,country,latitude,longitude,vei,eruption_times,eruption_start_time,eruption_start_time_numeric,eruption_frequency
283001,Abu,Subduction zone / Continental crust (>25 km),Shield(s),Japan,34.5,131.6,2.0,1,6850-BCE-00-00,-6849.997260273973,Low
342080,Acatenango,Subduction zone / Continental crust (>25 km),Stratovolcano(es),Guatemala,14.501,-90.876,1.0,8,1972-11-12,1972.866210045662,Medium
213004,Acigol-Nevsehir,Intraplate / Continental crust (>25 km),Caldera,Turkey,38.537,34.621,2.0,5,2080-BCE-00-00,-2079.9972602739726,Medium
321040,Adams,Subduction zone / Continental crust (>25 km),Stratovolcano,United States,46.206,-121.49,2.0,15,0950-00-00,950.0027397260274,High
283170,Adatarayama,Subduction zone / Continental crust (>25 km),Stratovolcano(es),Japan,37.647,140.281,1.0,13,1996-09-01,1996.669406392694,High
221170,Adwa,Rift zone / Intermediate crust (15-25 km),Stratovolcano,Ethiopia,10.07,40.84,2.0,2,1928-00-00,1928.002739726028,Low
284160,Agrigan,Subduction zone / Crustal thickness unknown,Stratovolcano,United States,18.77,145.67,4.0,1,1917-04-09,1917.274657534247,Low
342100,Agua,Subduction zone / Continental crust (>25 km),Stratovolcano,Guatemala,14.465,-90.743,2.0,1,1541-09-11,1541.696803652968,Low
382090,Agua de Pau,Rift zone / Oceanic crust (< 15 km),Stratovolcano,Portugal,37.77,-25.47,2.0,10,1564-02-10,1564.1107305936073,Medium
358062,Aguilera,Subduction zone / Continental crust (>25 km),Stratovolcano,Chile,-50.33,-73.75,5.0,2,1250-BCE-00-00,-1249.9972602739726,Low
264020,Agung,Subduction zone / Continental crust (>25 km),Stratovolcano,Indonesia,-8.343,115.508,3.0,5,2017-11-21,2017.890867579909,Medium
284141,Ahyi,Subduction zone / Crustal thickness unknown,Submarine,United States,20.42,145.03,0.0,3,2014-04-24,2014.3157534246573,Medium
282080,Aira,Subduction zone / Continental crust (>25 km),Caldera,Japan,31.593,130.657,1.0,54,2017-03-25,2017.235159817352,High
300125,Akademia Nauk,Subduction zone / Continental crust (>25 km),Stratovolcano(es),Russia,53.98,159.45,3.0,4,1996-01-02,1996.0054794520547,Medium
283130,Akagisan,Subduction zone / Continental crust (>25 km),Stratovolcano,Japan,36.56,139.193,2.0,2,1938-07-16,1938.5438356164384,Low
285070,Akan,Subduction zone / Continental crust (>25 km),Caldera,Japan,43.384,144.013,1.0,37,2008-11-18,2008.8826484018264,High
283230,Akita-Komagatake,Subduction zone / Continental crust (>25 km),Stratovolcano(es),Japan,39.761,140.799,2.0,18,1970-09-18,1970.71598173516,High
283260,Akita-Yakeyama,Subduction zone / Continental crust (>25 km),Stratovolcano,Japan,39.964,140.757,1.0,17,1997-08-16,1997.627168949772,High
311320,Akutan,Subduction zone / Intermediate crust (15-25 km),Stratovolcano,United States,54.134,-165.986,1.0,47,1992-12-18,1992.96598173516,High
290390,Alaid,Subduction zone / Continental crust (>25 km),Stratovolcano,Russia,50.861,155.565,1.0,16,2018-08-20,2018.638127853881,High
221112,Alayta,Rift zone / Intermediate crust (15-25 km),Shield,Ethiopia,12.888,40.573,2.0,2,1915-00-00,1915.002739726028,Low
353040,Alcedo,Rift zone / Oceanic crust (< 15 km),Shield,Ecuador,-0.43,-91.12,1.0,3,1993-12-05,1993.930365296804,Medium
352031,Aliso,Subduction zone / Continental crust (>25 km),Stratovolcano,Ecuador,-0.53,-78.0,2.0,1,2450-BCE-00-00,-2449.9972602739726,Low
342040,Almolonga,Subduction zone / Continental crust (>25 km),Stratovolcano,Guatemala,14.797,-91.519,2.0,6,1891-00-00,1891.002739726028,Medium
300450,Alney-Chashakondzha,Subduction zone / Continental crust (>25 km),Stratovolcano,Russia,56.656,159.647,2.0,3,1600-00-00,1600.0027397260274,Medium
221060,Alu-Dalafilla,Rift zone / Intermediate crust (15-25 km),Fissure vent(s),Ethiopia,13.793,40.553,3.0,1,2008-11-03,2008.841552511416,Low
221270,Alutu,Rift zone / Continental crust (>25 km),Stratovolcano,Ethiopia,7.77,38.78,2.0,1,50-BCE-00-00,-49.9972602739726,Low
311390,Amak,Subduction zone / Continental crust (>25 km),Stratovolcano,United States,55.424,-163.149,2.0,3,1796-00-00,1796.0027397260274,Medium
257030,Ambae,Subduction zone / Intermediate crust (15-25 km),Shield,Vanuatu,-15.389,167.835,3.0,8,2017-09-06,2017.6831050228311,Medium
273088,Ambalatungan Group,Subduction zone / Continental crust (>25 km),Compound,Philippines,17.32,121.1,1.0,1,1952-07-02,1952.5054794520547,Low
266020,Ambang,Subduction zone / Continental crust (>25 km),Complex,Indonesia,0.75,124.42,1.0,2,2005-12-22,2005.9769406392693,Low
254020,Ambitle,Subduction zone / Crustal thickness unknown,Stratovolcano,Papua New Guinea,-4.08,153.65,2.0,1,350-BCE-00-00,-349.9972602739726,Low
257040,Ambrym,Subduction zone / Intermediate crust (15-25 km),Pyroclastic shield,Vanuatu,-16.25,168.12,2.0,55,2008-05-23,2008.396347031964,High
311190,Amukta,Subduction zone / Intermediate crust (15-25 km),Stratovolcano,United States,52.5,-171.252,1.0,8,1997-03-03,1997.1748858447488,Medium
284200,Anatahan,Subduction zone / Crustal thickness unknown,Stratovolcano,United States,16.35,145.67,2.0,4,2007-11-27,2007.907305936073,Medium
354004,Andahua-Orcopampa,Subduction zone / Continental crust (>25 km),Pyroclastic cone(s),Peru,-15.42,-72.33,2.0,4,1913-03-06,1913.1831050228311,Medium
312090,Aniakchak,Subduction zone / Continental crust (>25 km),Caldera,United States,56.88,-158.17,2.0,18,1951-06-25,1951.485159817352,High
357153,Antillanca Volcanic Complex,Subduction zone / Continental crust (>25 km),Stratovolcano(es),Chile,-40.783,-72.15,5.0,2,230-BCE-00-00,-229.9972602739726,Low
352030,Antisana,Subduction zone / Continental crust (>25 km),Stratovolcano,Ecuador,-0.481,-78.141,2.0,3,1801-00-00,1801.0027397260274,Medium
357080,Antuco,Subduction zone / Continental crust (>25 km),Stratovolcano,Chile,-37.406,-71.349,2.0,16,1972-07-02,1972.5054794520547,High
284060,Aogashima,Subduction zone / Oceanic crust (< 15 km),Stratovolcano,Japan,32.458,139.759,3.0,7,1780-07-27,1780.5739726027398,Medium
358024,Apagado,Subduction zone / Continental crust (>25 km),Pyroclastic cone,Chile,-41.88,-72.58,4.0,1,590-BCE-00-00,-589.9972602739726,Low
343010,Apaneca Range,Subduction zone / Continental crust (>25 km),Stratovolcano(es),El Salvador,13.891,-89.786,2.0,1,1990-10-13,1990.785616438356,Low
344091,Apoyeque,Subduction zone / Continental crust (>25 km),Pyroclastic shield,Nicaragua,12.242,-86.342,6.0,4,50-BCE-00-00,-49.9972602739726,Medium
355160,Aracar,Subduction zone / Continental crust (>25 km),Stratovolcano,Argentina,-24.29,-67.783,2.0,1,1993-03-28,1993.2433789954337,Low
213040,Ararat,Intraplate / Continental crust (>25 km),Stratovolcano,Turkey,39.7,44.3,3.0,5,1840-07-02,1840.5054794520547,Medium
221126,Ardoukoba,Rift zone / Intermediate crust (15-25 km),Fissure vent(s),Djibouti,11.58,42.47,1.0,1,1978-11-07,1978.8525114155248,Low
345033,Arenal,Subduction zone / Continental crust (>25 km),Stratovolcano,Costa Rica,10.463,-84.703,3.0,28,1968-07-29,1968.5794520547945,High
231090,"Arhab, Harra of",Intraplate / Continental crust (>25 km),Volcanic field,Yemen,15.63,44.08,0.0,2,0500-00-00,500.0027397260274,Low
263290,Arjuno-Welirang,Subduction zone / Continental crust (>25 km),Stratovolcano,Indonesia,-7.733,112.575,2.0,3,1991-09-13,1991.7022831050228,Medium
305011,Arxan-Chaihe,Intraplate / Continental crust (>25 km),Pyroclastic cone(s),China,47.45,120.8,2.0,1,0-BCE-00-00,0.0027397260273972,Low
283110,Asamayama,Subduction zone / Continental crust (>25 km),Complex,Japan,36.406,138.523,2.0,147,2019-08-07,2019.6025114155248,High
385050,Ascension,Rift zone / Oceanic crust (< 15 km),Stratovolcano,United Kingdom,-7.95,-14.37,0.0,3,1508-00-00,1508.0027397260274,Medium
373060,Askja,Rift zone / Oceanic crust (< 15 km),Stratovolcano,Iceland,65.033,-16.783,2.0,14,1961-10-26,1961.8212328767124,High
282110,Asosan,Subduction zone / Continental crust (>25 km),Caldera,Japan,32.884,131.104,2.0,186,2019-04-16,2019.2938356164384,High
284150,Asuncion,Subduction zone / Crustal thickness unknown,Stratovolcano,United States,19.671,145.406,2.0,7,1924-00-00,1924.002739726028,Medium
282070,Ata,Subduction zone / Continental crust (>25 km),Caldera(s),Japan,31.22,130.57,2.0,27,1615-08-07,1615.6025114155252,High
352021,Atacazo,Subduction zone / Continental crust (>25 km),Stratovolcano,Ecuador,-0.353,-78.617,5.0,4,320-BCE-00-00,-319.9972602739726,Medium
311160,Atka,Subduction zone / Intermediate crust (15-25 km),Stratovolcano(es),United States,52.331,-174.139,2.0,3,1996-06-29,1996.4961187214608,Medium
320030,Atlin Volcanic Field,Intraplate / Continental crust (>25 km),Pyroclastic cone(s),Canada,59.68,-133.32,2.0,1,1898-11-08,1898.8552511415528,Low
241020,Auckland Volcanic Field,Subduction zone / Continental crust (>25 km),Volcanic field,New Zealand,-36.9,174.87,2.0,1,1350-00-00,1350.0027397260274,Low
313010,Augustine,Subduction zone / Continental crust (>25 km),Lava dome(s),United States,59.363,-153.43,3.0,23,2005-12-09,2005.9413242009127,High
300100,Avachinsky,Subduction zone / Continental crust (>25 km),Stratovolcano,Russia,53.256,158.836,1.0,58,2001-10-05,2001.763698630137,High
331021,Axial Seamount,Rift zone / Oceanic crust (< 15 km),Submarine,Undersea Features,45.95,-130.0,0.0,12,2015-04-23,2015.31301369863,High
353060,"Azul, Cerro",Rift zone / Oceanic crust (< 15 km),Shield,Ecuador,-0.92,-91.408,1.0,15,2008-05-29,2008.412785388128,High
357060,"Azul, Cerro",Subduction zone / Continental crust (>25 km),Stratovolcano,Chile,-35.653,-70.761,2.0,11,1967-08-09,1967.60799086758,High
283180,Azumayama,Subduction zone / Continental crust (>25 km),Stratovolcano(es),Japan,37.735,140.244,1.0,24,1977-12-07,1977.9358447488585,High
274030,Babuyan Claro,Subduction zone / Crustal thickness unknown,Stratovolcano(es),Philippines,19.523,121.94,2.0,9,1924-00-00,1924.002739726028,Medium
322090,Bachelor,Subduction zone / Continental crust (>25 km),Stratovolcano,United States,43.979,-121.688,2.0,1,5800-BCE-00-00,-5799.997260273973,Low
255020,Bagana,Subduction zone / Crustal thickness unknown,Lava cone,Papua New Guinea,-6.137,155.196,2.0,26,2000-02-28,2000.1600456621004,High
300123,Bakening,Subduction zone / Continental crust (>25 km),Stratovolcano,Russia,53.905,158.07,2.0,5,550-BCE-00-00,-549.9972602739726,Medium
321010,Baker,Subduction zone / Continental crust (>25 km),Stratovolcano(es),United States,48.777,-121.813,2.0,20,1884-00-00,1884.002739726028,High
250020,Baluan,Subduction zone / Continental crust (>25 km),Stratovolcano,Papua New Guinea,-2.57,147.28,0.0,1,1931-00-00,1931.002739726028,Low
273050,Banahaw,Subduction zone / Continental crust (>25 km),Complex,Philippines,14.07,121.48,2.0,4,1909-00-00,1909.002739726028,Medium
265090,Banda Api,Subduction zone / Oceanic crust (< 15 km),Caldera,Indonesia,-4.523,129.881,3.0,27,1988-05-09,1988.35799086758,High
283160,Bandaisan,Subduction zone / Continental crust (>25 km),Stratovolcano,Japan,37.601,140.072,4.0,14,1888-07-15,1888.541095890411,High
341020,Barcena,Rift zone / Oceanic crust (< 15 km),Pyroclastic cone(s),Mexico,19.3,-110.82,3.0,1,1952-08-01,1952.5860730593608,Low
373030,Bardarbunga,Rift zone / Oceanic crust (< 15 km),Stratovolcano,Iceland,64.633,-17.516,0.0,55,2014-08-29,2014.662785388128,High
300084,Barkhatnaya Sopka,Subduction zone / Continental crust (>25 km),Lava dome(s),Russia,52.802,158.24,2.0,1,3550-BCE-00-00,-3549.9972602739726,Low
222030,"Barrier, The",Rift zone / Continental crust (>25 km),Shield,Kenya,2.32,36.57,2.0,12,1921-12-31,1922.001598173516,High
345050,Barva,Subduction zone / Continental crust (>25 km),Complex,Costa Rica,10.135,-84.1,2.0,2,1867-03-00,1867.169406392694,Low
264010,Batur,Subduction zone / Continental crust (>25 km),Caldera,Indonesia,-8.242,115.375,1.0,28,1999-03-15,1999.2077625570776,High
225060,Bayuda Volcanic Field,Intraplate / Continental crust (>25 km),Pyroclastic cone(s),Sudan,18.33,32.75,2.0,1,0850-00-00,850.0027397260274,Low
322060,Belknap,Subduction zone / Continental crust (>25 km),Shield(s),United States,44.285,-121.841,2.0,4,0480-00-00,480.0027397260274,Medium
390022,Berlin,Intraplate / Continental crust (>25 km),Shield(s),Antarctica,-76.05,-136.0,0.0,1,8350-BCE-00-00,-8349.997260273973,Low
290040,Berutarubesan [Berutarube],Subduction zone / Intermediate crust (15-25 km),Stratovolcano,Japan - administered by Russia,44.462,146.932,1.0,1,1812-00-00,1812.002739726028,Low
300250,Bezymianny,Subduction zone / Continental crust (>25 km),Stratovolcano,Russia,55.972,160.595,3.0,65,2010-05-21,2010.390867579909,High
272080,Biliran,Subduction zone / Continental crust (>25 km),Compound,Philippines,11.523,124.535,1.0,1,1939-09-26,1939.737899543379,Low
255011,Billy Mitchell,Subduction zone / Crustal thickness unknown,Pyroclastic shield,Papua New Guinea,-6.092,155.225,6.0,2,1580-00-00,1580.0027397260274,Low
324010,Black Butte Crater Lava Field,Rift zone / Continental crust (>25 km),Shield,United States,43.183,-114.352,0.0,1,8400-BCE-00-00,-8399.997260273973,Low
327050,Black Rock Desert,Rift zone / Continental crust (>25 km),Volcanic field,United States,38.97,-112.5,2.0,1,1290-00-00,1290.0027397260274,Low
355210,"Blanco, Cerro",Subduction zone / Continental crust (>25 km),Caldera,Argentina,-26.789,-67.765,7.0,1,2300-BCE-00-00,-2299.9972602739726,Low
311300,Bogoslof,Subduction zone / Intermediate crust (15-25 km),Submarine,United States,53.93,-168.03,3.0,12,2016-12-20,2016.9714611872143,High
300150,Bolshoi Semiachik,Subduction zone / Continental crust (>25 km),Stratovolcano(es),Russia,54.32,160.02,2.0,2,4450-BCE-00-00,-4449.997260273973,Low
300360,Bolshoi-Kekuknaysky,Subduction zone / Continental crust (>25 km),Shield(s),Russia,56.483,157.917,3.0,1,5310-BCE-00-00,-5309.997260273973,Low
386020,Bouvet,Rift zone / Oceanic crust (< 15 km),Shield,Norway,-54.408,3.351,2.0,2,1956-07-15,1956.541095890411,Low
351012,"Bravo, Cerro",Subduction zone / Continental crust (>25 km),Stratovolcano,Colombia,5.091,-75.293,4.0,8,1720-00-00,1720.0027397260274,Medium
371040,Brennisteinsfjoll,Rift zone / Oceanic crust (< 15 km),Crater rows,Iceland,63.933,-21.783,2.0,9,1341-00-00,1341.0027397260274,Medium
390080,Bristol Island,Subduction zone / Oceanic crust (< 15 km),Stratovolcano,United Kingdom,-59.017,-26.533,1.0,6,2016-04-24,2016.3157534246573,Medium
390010,Buckle Island,Rift zone / Oceanic crust (< 15 km),Stratovolcano,Antarctica,-66.78,163.25,2.0,2,1899-01-12,1899.0328767123287,Low
273010,Bulusan,Subduction zone / Continental crust (>25 km),Stratovolcano(es),Philippines,12.769,124.056,1.0,24,2017-06-05,2017.430365296804,High
272050,CabalÃ­an,Subduction zone / Continental crust (>25 km),Stratovolcano,Philippines,10.285,125.218,2.0,1,1820-00-00,1820.002739726028,Low
357112,Caburgua-Huelemolle,Subduction zone / Continental crust (>25 km),Pyroclastic cone(s),Chile,-39.25,-71.75,2.0,1,5050-BCE-00-00,-5049.997260273973,Low
273090,Cagua,Subduction zone / Continental crust (>25 km),Stratovolcano,Philippines,18.222,122.123,2.0,1,1860-10-00,1860.752739726028,Low
210040,Calatrava Volcanic Field,Intraplate / Continental crust (>25 km),Pyroclastic cone(s),Spain,38.87,-4.02,2.0,1,3600-BCE-00-00,-3599.9972602739726,Low
358020,Calbuco,Subduction zone / Continental crust (>25 km),Stratovolcano,Chile,-41.33,-72.618,4.0,37,2015-04-22,2015.3102739726028,High
357091,Callaqui,Subduction zone / Continental crust (>25 km),Stratovolcano,Chile,-37.92,-71.45,2.0,7,2012-01-02,2012.0054794520547,Medium
224010,Cameroon,Intraplate / Continental crust (>25 km),Stratovolcano,Cameroon,4.203,9.17,2.0,19,2000-05-28,2000.4100456621004,High
271080,Camiguin,Subduction zone / Continental crust (>25 km),Stratovolcano(es),Philippines,9.203,124.673,3.0,6,1948-09-01,1948.669406392694,Medium
274010,Camiguin de Babuyanes,Subduction zone / Crustal thickness unknown,Stratovolcano,Philippines,18.83,121.86,2.0,1,1857-00-00,1857.002739726028,Low
211010,Campi Flegrei,Subduction zone / Continental crust (>25 km),Caldera,Italy,40.827,14.139,3.0,20,1538-09-29,1538.7461187214612,High
211070,Campi Flegrei del Mar di Sicilia,Rift zone / Continental crust (>25 km),Submarine,Italy,37.1,12.7,1.0,8,1911-09-30,1911.7488584474888,Medium
390100,Candlemas Island,Subduction zone / Oceanic crust (< 15 km),Stratovolcano,United Kingdom,-57.08,-26.67,0.0,4,1953-12-31,1954.001598173516,Medium
357140,Carran-Los Venados,Subduction zone / Continental crust (>25 km),Pyroclastic cone(s),Chile,-40.35,-72.07,2.0,3,1979-04-14,1979.288356164384,Medium
327110,Carrizozo,Rift zone / Continental crust (>25 km),Pyroclastic cone(s),United States,33.78,-105.93,2.0,1,3250-BCE-00-00,-3249.9972602739726,Low
352006,Cayambe,Subduction zone / Continental crust (>25 km),Compound,Ecuador,0.029,-77.986,2.0,22,1785-02-00,1785.0860730593608,High
358012,Cayutue-La Vigueria,Subduction zone / Continental crust (>25 km),Pyroclastic cone(s),Chile,-41.25,-72.27,2.0,1,190-BCE-00-00,-189.9972602739726,Low
341030,Ceboruco,Subduction zone / Continental crust (>25 km),Stratovolcano,Mexico,21.125,-104.508,3.0,4,1870-02-21,1870.140867579909,Medium
222010,Central Island,Rift zone / Continental crust (>25 km),Tuff cone(s),Kenya,3.496,36.04,1.0,1,1974-07-22,1974.5602739726028,Low
263170,Cereme,Subduction zone / Continental crust (>25 km),Stratovolcano,Indonesia,-6.895,108.408,2.0,7,2015-06-24,2015.482420091324,Medium
352022,Chacana,Subduction zone / Continental crust (>25 km),Caldera,Ecuador,-0.375,-78.25,0.0,5,1773-00-00,1773.0027397260274,Medium
290030,Chachadake [Tiatia],Subduction zone / Intermediate crust (15-25 km),Stratovolcano,Japan - administered by Russia,44.353,146.252,1.0,6,1982-02-10,1982.1107305936075,Medium
352002,Chachimbiro,Subduction zone / Continental crust (>25 km),Stratovolcano,Ecuador,0.468,-78.287,3.0,1,3740-BCE-00-00,-3739.9972602739726,Low
210020,Chaine des Puys,Rift zone / Continental crust (>25 km),Lava dome(s),France,45.775,2.97,2.0,8,4040-BCE-00-00,-4039.9972602739726,Medium
305060,Changbaishan,Intraplate / Continental crust (>25 km),Stratovolcano,China-North Korea,41.98,128.08,2.0,10,1903-04-15,1903.291095890411,Medium
300273,Cherpuk Group,Subduction zone / Continental crust (>25 km),Pyroclastic cone(s),Russia,55.55,157.47,2.0,1,4550-BCE-00-00,-4549.997260273973,Low
341080,Chichinautzin,Subduction zone / Continental crust (>25 km),Volcanic field,Mexico,19.08,-99.13,3.0,8,0400-00-00,400.0027397260274,Medium
341120,"Chichon, El",Subduction zone / Continental crust (>25 km),Lava dome(s),Mexico,17.36,-93.228,5.0,13,1982-03-28,1982.2433789954337,High
312110,Chiginagak,Subduction zone / Continental crust (>25 km),Stratovolcano,United States,57.135,-156.99,1.0,4,1998-08-13,1998.6189497716896,Medium
290360,Chikurachki,Subduction zone / Continental crust (>25 km),Stratovolcano(es),Russia,50.324,155.461,2.0,26,2016-07-27,2016.57397260274,High
351110,Chiles-Cerro Negro,Subduction zone / Continental crust (>25 km),Stratovolcano,Colombia-Ecuador,0.817,-77.938,2.0,1,1936-07-17,1936.5465753424653,Low
357070,"Chillan, Nevados de",Subduction zone / Continental crust (>25 km),Stratovolcano,Chile,-36.868,-71.378,2.0,32,2016-01-08,2016.021917808219,High
290090,Chirippusan [Chirip],Subduction zone / Intermediate crust (15-25 km),Stratovolcano(es),Japan - administered by Russia,45.338,147.92,1.0,2,1860-00-00,1860.002739726028,Low
290150,Chirpoi,Subduction zone / Oceanic crust (< 15 km),Caldera,Russia,46.532,150.871,0.0,9,2012-11-11,2012.8634703196344,Medium
283220,Chokaisan,Subduction zone / Continental crust (>25 km),Stratovolcano(es),Japan,39.099,140.049,1.0,32,1974-03-01,1974.169406392694,High
222130,Chyulu Hills,Rift zone / Continental crust (>25 km),Volcanic field,Kenya,-2.68,37.88,2.0,2,1855-00-00,1855.002739726028,Low
331030,Cleft Segment,Rift zone / Oceanic crust (< 15 km),Submarine,Undersea Features,44.83,-130.3,0.0,3,1986-08-16,1986.627168949772,Medium
331020,CoAxial Segment,Rift zone / Oceanic crust (< 15 km),Submarine,Undersea Features,46.52,-129.58,0.0,2,1993-06-26,1993.487899543379,Low
341096,Cofre de Perote,Subduction zone / Continental crust (>25 km),Shield(s),Mexico,19.492,-97.15,2.0,1,1150-00-00,1150.0027397260274,Low
341040,Colima,Subduction zone / Continental crust (>25 km),Stratovolcano(es),Mexico,19.514,-103.62,2.0,86,2019-05-11,2019.3634703196344,High
211004,Colli Albani,Subduction zone / Continental crust (>25 km),Caldera,Italy,41.73,12.7,2.0,3,114-BCE-00-00,-113.9972602739726,Medium
344120,Concepcion,Subduction zone / Continental crust (>25 km),Stratovolcano,Nicaragua,11.538,-85.622,1.0,34,2009-12-11,2009.946803652968,High
357090,Copahue,Subduction zone / Continental crust (>25 km),Stratovolcano,Chile-Argentina,-37.856,-71.183,2.0,18,2019-08-02,2019.588812785388,High
221290,Corbetti Caldera,Rift zone / Continental crust (>25 km),Caldera,Ethiopia,7.193,38.39,2.0,1,1957-07-02,1957.5054794520547,Low
344010,Cosiguina,Subduction zone / Continental crust (>25 km),Stratovolcano,Nicaragua,12.98,-87.57,2.0,7,1859-08-25,1859.6518264840183,Medium
352050,Cotopaxi,Subduction zone / Continental crust (>25 km),Stratovolcano,Ecuador,-0.677,-78.436,2.0,85,2015-08-14,2015.621689497717,High
322160,Crater Lake,Subduction zone / Continental crust (>25 km),Caldera,United States,42.93,-122.12,2.0,5,2850-BCE-00-00,-2849.9972602739726,Medium
324020,Craters of the Moon,Rift zone / Continental crust (>25 km),Pyroclastic cone(s),United States,43.42,-113.5,0.0,14,130-BCE-00-00,-129.9972602739726,High
352003,Cuicocha,Subduction zone / Continental crust (>25 km),Caldera,Ecuador,0.308,-78.364,2.0,4,0650-00-00,650.0027397260274,Medium
351100,Cumbal,Subduction zone / Continental crust (>25 km),Stratovolcano,Colombia,0.95,-77.87,2.0,2,1926-12-20,1926.9714611872143,Low
341098,"Cumbres,  Las",Subduction zone / Continental crust (>25 km),Stratovolcano,Mexico,19.15,-97.27,2.0,1,3920-BCE-00-00,-3919.9972602739726,Low
221113,Dabbahu,Rift zone / Intermediate crust (15-25 km),Stratovolcano,Ethiopia,12.595,40.48,3.0,4,2005-09-26,2005.737899543379,Medium
252040,Dakataua,Subduction zone / Continental crust (>25 km),Caldera,Papua New Guinea,-5.094,150.094,2.0,3,1895-00-00,1895.002739726028,Medium
221141,Dama Ali,Rift zone / Intermediate crust (15-25 km),Shield,Ethiopia,11.28,41.63,2.0,1,1631-02-14,1631.121689497717,Low
232010,Damavand,Intraplate / Continental crust (>25 km),Stratovolcano,Iran,35.951,52.109,0.0,1,5350-BCE-00-00,-5349.997260273973,Low
353030,Darwin,Rift zone / Oceanic crust (< 15 km),Shield,Ecuador,-0.18,-91.28,2.0,3,1813-06-06,1813.4331050228311,Medium
322100,Davis Lake,Subduction zone / Continental crust (>25 km),Volcanic field,United States,43.57,-121.82,2.0,1,2790-BCE-00-00,-2789.9972602739726,Low
253060,Dawson Strait Group,Subduction zone / Continental crust (>25 km),Volcanic field,Papua New Guinea,-9.62,150.88,2.0,1,1350-00-00,1350.0027397260274,Low
390030,Deception Island,Intraplate / Continental crust (>25 km),Caldera,Antarctica,-63.001,-60.652,2.0,30,1987-07-23,1987.56301369863,High
261230,Dempo,Subduction zone / Continental crust (>25 km),Stratovolcano(es),Indonesia,-4.016,103.121,1.0,28,2017-11-09,2017.85799086758,High
357050,Descabezado Grande,Subduction zone / Continental crust (>25 km),Stratovolcano(es),Chile,-35.58,-70.75,3.0,1,1932-06-05,1932.430365296804,Low
231120,"Dhamar, Harras of",Intraplate / Continental crust (>25 km),Volcanic field,Yemen,14.57,44.67,2.0,1,1937-00-00,1937.002739726028,Low
322170,Diamond Craters,Rift zone / Continental crust (>25 km),Volcanic field,United States,43.1,-118.75,4.0,1,5610-BCE-00-00,-5609.997260273973,Low
263200,Dieng Volcanic Complex,Subduction zone / Continental crust (>25 km),Complex,Indonesia,-7.2,109.879,1.0,31,2018-04-01,2018.252739726028,High
300022,Diky Greben,Subduction zone / Continental crust (>25 km),Lava dome(s),Russia,51.452,156.978,2.0,4,0350-00-00,350.0027397260274,Medium
221100,Dubbi,Rift zone / Intermediate crust (15-25 km),Stratovolcano,Eritrea,13.579,41.809,2.0,4,1900-00-00,1900.002739726028,Medium
268010,Dukono,Subduction zone / Oceanic crust (< 15 km),Complex,Indonesia,1.693,127.894,3.0,5,1933-08-13,1933.6189497716896,Medium
300110,Dzenzursky,Subduction zone / Continental crust (>25 km),Compound,Russia,53.637,158.922,2.0,2,1957-01-28,1957.0767123287671,Low
290380,Ebeko,Subduction zone / Continental crust (>25 km),Stratovolcano,Russia,50.686,156.014,2.0,20,2016-10-20,2016.804794520548,High
353011,Ecuador,Rift zone / Oceanic crust (< 15 km),Shield,Ecuador,-0.02,-91.546,0.0,1,1150-00-00,1150.0027397260274,Low
315040,Edgecumbe,Intraplate / Continental crust (>25 km),Stratovolcano(es),United States,57.05,-135.75,2.0,3,2220-BCE-00-00,-2219.9972602739726,Medium
320060,Edziza,Intraplate / Continental crust (>25 km),Stratovolcano,Canada,57.72,-130.63,3.0,4,0950-00-00,950.0027397260274,Medium
214010,Elbrus,Intraplate / Continental crust (>25 km),Stratovolcano,Russia,43.351,42.442,2.0,1,0050-00-00,50.0027397260274,Low
300590,Elovsky,Subduction zone / Continental crust (>25 km),Shield(s),Russia,57.55,160.53,4.0,1,7550-BCE-00-00,-7549.997260273973,Low
222051,Emuruangogolak,Rift zone / Continental crust (>25 km),Shield,Kenya,1.5,36.33,0.0,8,1910-00-00,1910.002739726028,Medium
331010,Endeavour Segment,Rift zone / Oceanic crust (< 15 km),Submarine,Canada,47.95,-129.1,0.0,2,3490-BCE-00-00,-3489.9972602739726,Low
257060,Epi,Subduction zone / Intermediate crust (15-25 km),Stratovolcano(es),Vanuatu,-16.68,168.37,2.0,14,2004-02-16,2004.127168949772,High
213010,Erciyes Dagi,Intraplate / Continental crust (>25 km),Stratovolcano,Turkey,38.531,35.447,2.0,2,0253-00-00,253.0027397260274,Low
390020,Erebus,Intraplate / Continental crust (>25 km),Stratovolcano,Antarctica,-77.53,167.17,2.0,22,1972-12-16,1972.960502283105,High
221080,Erta Ale,Rift zone / Intermediate crust (15-25 km),Shield,Ethiopia,13.6,40.67,0.0,7,1967-07-02,1967.5054794520547,Medium
285011,Esan,Subduction zone / Continental crust (>25 km),Lava dome(s),Japan,41.805,141.166,1.0,8,1874-06-08,1874.4385844748856,Medium
374020,Esjufjoll,Rift zone / Oceanic crust (< 15 km),Stratovolcano,Iceland,64.25,-16.583,1.0,1,1927-09-05,1927.680365296804,Low
211060,Etna,Subduction zone / Continental crust (>25 km),Stratovolcano(es),Italy,37.748,14.999,2.0,241,2013-09-03,2013.6748858447488,High
290050,Etorofu-Atosanupuri [Atosanupuri],Subduction zone / Intermediate crust (15-25 km),Stratovolcano,Japan - administered by Russia,44.808,147.131,2.0,2,1932-00-00,1932.002739726028,Low
290070,Etorofu-Yakeyama [Grozny Group],Subduction zone / Intermediate crust (15-25 km),Complex(es),Japan - administered by Russia,45.012,147.871,2.0,7,2013-02-16,2013.127168949772,Medium
372020,Eyjafjallajokull,Rift zone / Oceanic crust (< 15 km),Stratovolcano,Iceland,63.633,-19.633,4.0,5,2010-03-20,2010.2214611872143,Medium
284140,Farallon de Pajaros,Subduction zone / Crustal thickness unknown,Stratovolcano,United States,20.546,144.893,0.0,18,1967-03-27,1967.2406392694063,High
382010,Fayal,Rift zone / Oceanic crust (< 15 km),Stratovolcano,Portugal,38.6,-28.73,2.0,2,1957-09-27,1957.7406392694063,Low
221190,Fentale,Rift zone / Continental crust (>25 km),Stratovolcano,Ethiopia,8.975,39.93,0.0,2,1820-00-00,1820.002739726028,Low
311350,Fisher,Subduction zone / Continental crust (>25 km),Stratovolcano,United States,54.65,-164.43,2.0,6,1830-08-00,1830.5860730593608,Medium
382001,Flores,Intraplate / Continental crust (>25 km),Stratovolcano(es),Portugal,39.462,-31.216,2.0,2,950-BCE-00-00,-949.9972602739726,Low
384010,Fogo,Intraplate / Intermediate crust (15-25 km),Stratovolcano,Cape Verde,14.95,-24.35,3.0,12,2014-11-23,2014.896347031964,High
223001,Fort Portal,Rift zone / Continental crust (>25 km),Tuff cone(s),Uganda,0.7,30.25,2.0,2,2120-BCE-00-00,-2119.9972602739726,Low
233020,"Fournaise, Piton de la",Intraplate / Oceanic crust (< 15 km),Shield,France,-21.244,55.708,2.0,194,2020-02-10,2020.1107305936075,High
373070,Fremrinamar,Rift zone / Oceanic crust (< 15 km),Stratovolcano,Iceland,65.416,-16.666,2.0,5,1823-00-00,1823.002739726028,Medium
342090,Fuego,Subduction zone / Continental crust (>25 km),Stratovolcano(es),Guatemala,14.473,-90.88,3.0,79,2002-01-04,2002.0109589041097,High
283030,Fujisan,Subduction zone / Continental crust (>25 km),Stratovolcano,Japan,35.361,138.728,2.0,67,1854-12-23,1854.9796803652969,High
282091,Fukue,Subduction zone / Continental crust (>25 km),Shield(s),Japan,32.657,128.849,2.0,1,400-BCE-00-00,-399.9972602739726,Low
382100,Furnas,Rift zone / Oceanic crust (< 15 km),Stratovolcano,Portugal,37.77,-25.32,5.0,9,1630-09-03,1630.6748858447488,Medium
334070,Galapagos Rift,Rift zone / Oceanic crust (< 15 km),Submarine,Undersea Features,0.792,-86.15,0.0,2,1996-07-02,1996.5054794520547,Low
351080,Galeras,Subduction zone / Continental crust (>25 km),Complex,Colombia,1.22,-77.37,2.0,42,2012-05-13,2012.3689497716896,High
263140,Galunggung,Subduction zone / Continental crust (>25 km),Stratovolcano,Indonesia,-7.25,108.058,1.0,7,1984-01-09,1984.024657534247,Medium
268060,Gamalama,Subduction zone / Oceanic crust (< 15 km),Stratovolcano(es),Indonesia,0.8,127.33,1.0,87,2018-10-04,2018.7609589041097,High
300210,Gamchen,Subduction zone / Continental crust (>25 km),Complex,Russia,54.974,160.703,2.0,2,550-BCE-00-00,-549.9972602739726,Low
268040,Gamkonora,Subduction zone / Oceanic crust (< 15 km),Stratovolcano,Indonesia,1.38,127.53,1.0,14,2013-01-23,2013.06301369863,High
320200,Garibaldi,Subduction zone / Continental crust (>25 km),Stratovolcano,Canada,49.85,-123.0,3.0,1,8060-BCE-00-00,-8059.997260273973,Low
257020,Gaua,Subduction zone / Intermediate crust (15-25 km),Stratovolcano,Vanuatu,-14.27,167.5,1.0,16,2011-09-17,2011.7132420091325,High
263060,Gede-Pangrango,Subduction zone / Continental crust (>25 km),Stratovolcano(es),Indonesia,-6.77,106.965,2.0,26,1957-03-13,1957.2022831050228,High
214070,Ghegham Volcanic Ridge,Intraplate / Continental crust (>25 km),Volcanic field,Armenia,40.283,45.0,0.0,1,1900-BCE-00-00,-1899.9972602739729,Low
321020,Glacier Peak,Subduction zone / Continental crust (>25 km),Stratovolcano,United States,48.112,-121.113,2.0,8,1700-00-00,1700.0027397260274,Medium
323170,Golden Trout Creek,Rift zone / Continental crust (>25 km),Volcanic field,United States,36.358,-118.32,2.0,1,5550-BCE-00-00,-5549.997260273973,Low
300070,Gorely,Subduction zone / Continental crust (>25 km),Caldera,Russia,52.559,158.03,1.0,53,2010-06-06,2010.4331050228311,High
382040,Graciosa,Rift zone / Oceanic crust (< 15 km),Stratovolcano,Portugal,39.02,-27.97,2.0,1,1950-BCE-00-00,-1949.9972602739729,Low
383040,Gran Canaria,Intraplate / Intermediate crust (15-25 km),Fissure vent(s),Spain,28.0,-15.58,2.0,11,0040-00-00,40.0027397260274,High
371060,Grimsnes,Rift zone / Oceanic crust (< 15 km),Crater rows,Iceland,64.05,-20.883,2.0,11,3500-BCE-00-00,-3499.9972602739726,High
373010,Grimsvotn,Rift zone / Oceanic crust (< 15 km),Caldera,Iceland,64.416,-17.316,4.0,86,2011-05-21,2011.390867579909,High
352020,Guagua Pichincha,Subduction zone / Continental crust (>25 km),Stratovolcano,Ecuador,-0.171,-78.598,1.0,44,2009-02-16,2009.127168949772,High
263130,Guntur,Subduction zone / Continental crust (>25 km),Complex,Indonesia,-7.143,107.84,2.0,27,1887-00-00,1887.002739726028,High
284050,Hachijojima,Subduction zone / Oceanic crust (< 15 km),Stratovolcano(es),Japan,33.137,139.766,2.0,19,1707-00-00,1707.0027397260274,High
283250,Hachimantai,Subduction zone / Continental crust (>25 km),Stratovolcano,Japan,39.958,140.854,2.0,2,5350-BCE-00-00,-5349.997260273973,Low
275001,Hainan Volcanic Field,Intraplate / Continental crust (>25 km),Pyroclastic cone(s),China,19.905,110.229,2.0,2,1933-06-26,1933.487899543379,Low
283280,Hakkodasan,Subduction zone / Continental crust (>25 km),Stratovolcano(es),Japan,40.659,140.877,1.0,7,1550-00-00,1550.0027397260274,Medium
283020,Hakoneyama,Subduction zone / Continental crust (>25 km),Complex,Japan,35.233,139.021,1.0,8,2015-06-29,2015.4961187214608,Medium
283050,Hakusan,Subduction zone / Continental crust (>25 km),Stratovolcano,Japan,36.155,136.771,2.0,26,1659-04-21,1659.3075342465754,High
332060,Haleakala,Intraplate / Oceanic crust (< 15 km),Shield,United States,20.708,-156.25,2.0,40,1750-00-00,1750.0027397260274,High
306040,Halla,Intraplate / Continental crust (>25 km),Shield,South Korea,33.361,126.53,2.0,4,1007-00-00,1007.0027397260274,Medium
252100,Hargy,Subduction zone / Continental crust (>25 km),Stratovolcano,Papua New Guinea,-5.33,151.1,2.0,2,0950-00-00,950.0027397260274,Low
231001,Harrat Ash Shamah,Intraplate / Continental crust (>25 km),Volcanic field,Syria-Jordan-Saudi Arabia,32.333,37.583,0.0,2,1850-00-00,1850.002739726028,Low
283122,Harunasan,Subduction zone / Continental crust (>25 km),Stratovolcano,Japan,36.477,138.851,5.0,3,0550-06-01,550.4194063926941,Medium
213002,Hasan Dagi,Intraplate / Continental crust (>25 km),Stratovolcano,Turkey,38.13,34.17,2.0,2,6750-BCE-00-00,-6749.997260273973,Low
231110,"Haylan, Jabal",Intraplate / Continental crust (>25 km),Volcanic field,Yemen,15.4,45.1,0.0,1,1200-BCE-00-00,-1199.9972602739726,Low
241140,Healy,Subduction zone / Oceanic crust (< 15 km),Submarine,New Zealand,-35.004,178.973,2.0,1,1360-00-00,1360.0027397260274,Low
234010,Heard,Intraplate / Oceanic crust (< 15 km),Stratovolcano,Australia,-53.106,73.513,0.0,13,2012-09-05,2012.680365296804,High
372070,Hekla,Rift zone / Oceanic crust (< 15 km),Stratovolcano,Iceland,63.983,-19.666,3.0,65,2000-02-26,2000.1545662100457,High
324040,Hell's Half Acre,Rift zone / Continental crust (>25 km),Shield,United States,43.5,-112.45,0.0,1,3250-BCE-00-00,-3249.9972602739726,Low
371050,Hengill,Rift zone / Oceanic crust (< 15 km),Crater rows,Iceland,64.083,-21.416,2.0,13,0150-00-00,150.0027397260274,High
383020,Hierro,Intraplate / Oceanic crust (< 15 km),Shield,Spain,27.73,-18.03,2.0,7,2011-10-10,2011.777397260274,Medium
283131,Hiuchigatake,Subduction zone / Continental crust (>25 km),Stratovolcano,Japan,36.955,139.285,2.0,2,1544-07-28,1544.5767123287671,Low
390110,Hodson,Subduction zone / Oceanic crust (< 15 km),Stratovolcano,United Kingdom,-56.712,-27.176,2.0,2,1930-00-00,1930.002739726028,Low
285020,Hokkaido-Komagatake,Subduction zone / Continental crust (>25 km),Stratovolcano,Japan,42.063,140.677,1.0,24,2000-09-04,2000.677625570776,High
322010,Hood,Subduction zone / Continental crust (>25 km),Stratovolcano,United States,45.374,-121.695,2.0,9,1907-08-28,1907.6600456621004,Medium
320080,Hoodoo Mountain,Intraplate / Continental crust (>25 km),Subglacial,Canada,56.78,-131.28,0.0,1,7050-BCE-00-00,-7049.997260273973,Low
332040,Hualalai,Intraplate / Oceanic crust (< 15 km),Shield,United States,19.692,-155.87,0.0,22,1800-00-00,1800.0027397260274,High
354005,Huambo,Subduction zone / Continental crust (>25 km),Volcanic field,Peru,-15.83,-72.13,2.0,1,700-BCE-00-00,-699.9972602739726,Low
357123,Huanquihue Group,Subduction zone / Continental crust (>25 km),Stratovolcano(es),Argentina,-39.887,-71.58,2.0,1,1750-00-00,1750.0027397260274,Low
354030,Huaynaputina,Subduction zone / Continental crust (>25 km),Stratovolcano,Peru,-16.608,-70.85,6.0,2,1600-02-17,1600.129908675799,Low
390028,Hudson Mountains,Intraplate / Continental crust (>25 km),Stratovolcano(es),Antarctica,-74.33,-99.42,2.0,2,1985-07-02,1985.5054794520547,Low
358057,"Hudson, Cerro",Subduction zone / Continental crust (>25 km),Stratovolcano,Chile,-45.9,-72.97,2.0,15,2011-10-26,2011.8212328767124,High
358030,Huequi,Subduction zone / Continental crust (>25 km),Lava dome(s),Chile,-42.377,-72.578,2.0,7,1920-00-00,1920.002739726028,Medium
341093,"Humeros, Los",Subduction zone / Continental crust (>25 km),Caldera(s),Mexico,19.68,-97.45,2.0,1,4470-BCE-00-00,-4469.997260273973,Low
268030,Ibu,Subduction zone / Oceanic crust (< 15 km),Stratovolcano,Indonesia,1.488,127.63,1.0,5,2008-04-05,2008.263698630137,Medium
222161,Igwisi Hills,Rift zone / Continental crust (>25 km),Pyroclastic cone(s),Tanzania,-4.889,31.933,1.0,1,10450-BCE-00-00,-10449.997260273973,Low
263350,Ijen,Subduction zone / Continental crust (>25 km),Stratovolcano(es),Indonesia,-8.058,114.242,1.0,11,2002-07-29,2002.5794520547945,High
313020,Iliamna,Subduction zone / Continental crust (>25 km),Stratovolcano,United States,60.032,-153.09,2.0,17,1987-03-19,1987.2187214611872,High
264220,Iliboleng,Subduction zone / Crustal thickness unknown,Stratovolcano,Indonesia,-8.342,123.258,1.0,20,1993-06-16,1993.460502283105,High
264250,Iliwerung,Subduction zone / Crustal thickness unknown,Complex,Indonesia,-8.53,123.57,0.0,15,2013-08-20,2013.638127853881,High
343060,Ilopango,Subduction zone / Continental crust (>25 km),Caldera,El Salvador,13.672,-89.053,3.0,2,1879-12-31,1880.001598173516,Low
352004,Imbabura,Subduction zone / Continental crust (>25 km),Compound,Ecuador,0.258,-78.183,2.0,1,5550-BCE-00-00,-5549.997260273973,Low
314060,Imuruk Lake,Intraplate / Continental crust (>25 km),Shield(s),United States,65.517,-163.45,2.0,1,0300-00-00,300.0027397260274,Low
321070,Indian Heaven,Subduction zone / Continental crust (>25 km),Shield(s),United States,45.93,-121.82,2.0,1,6250-BCE-00-00,-6249.997260273973,Low
357041,Infiernillo,Intraplate / Continental crust (>25 km),Volcanic field,Argentina,-35.123,-69.9,2.0,1,6890-BCE-00-00,-6889.997260273973,Low
264090,Inielika,Subduction zone / Crustal thickness unknown,Complex,Indonesia,-8.73,120.98,2.0,2,2001-01-11,2001.0301369863007,Low
264080,Inierie,Subduction zone / Crustal thickness unknown,Stratovolcano,Indonesia,-8.875,120.95,2.0,1,8050-BCE-00-00,-8049.997260273973,Low
284120,Ioto,Subduction zone / Crustal thickness unknown,Caldera,Japan,24.751,141.289,1.0,23,2012-02-10,2012.1107305936075,High
282020,Io-Torishima,Subduction zone / Oceanic crust (< 15 km),Complex,Japan,27.881,128.223,1.0,9,1968-07-18,1968.549315068493,Medium
345060,Irazu,Subduction zone / Continental crust (>25 km),Stratovolcano,Costa Rica,9.979,-83.852,2.0,39,1994-12-08,1994.9385844748856,High
273042,Isarog,Subduction zone / Continental crust (>25 km),Stratovolcano,Philippines,13.658,123.38,2.0,1,3500-BCE-00-00,-3499.9972602739726,Low
211030,Ischia,Subduction zone / Continental crust (>25 km),Complex,Italy,40.73,13.897,2.0,24,1302-01-18,1302.0493150684931,High
320090,Iskut-Unuk River Cones,Intraplate / Continental crust (>25 km),Pyroclastic cone(s),Canada,56.58,-130.55,2.0,8,1904-00-00,1904.002739726028,Medium
233014,Itasy Volcanic Field,Intraplate / Continental crust (>25 km),Pyroclastic cone(s),Madagascar,-19.033,46.7,2.0,2,6050-BCE-00-00,-6049.997260273973,Low
283270,Iwakisan,Subduction zone / Continental crust (>25 km),Stratovolcano,Japan,40.656,140.303,1.0,29,1863-03-23,1863.2296803652969,High
283240,Iwatesan,Subduction zone / Continental crust (>25 km),Complex,Japan,39.853,141.001,2.0,31,1934-07-00,1934.502739726028,High
264110,Iya,Subduction zone / Crustal thickness unknown,Stratovolcano,Indonesia,-8.891,121.641,1.0,11,1971-06-16,1971.460502283105,High
263330,Iyang-Argapura,Subduction zone / Continental crust (>25 km),Complex,Indonesia,-7.97,113.57,2.0,1,1597-00-00,1597.0027397260274,Low
284010,Izu-Oshima,Subduction zone / Oceanic crust (< 15 km),Stratovolcano,Japan,34.724,139.394,2.0,108,1990-10-04,1990.7609589041097,High
283010,Izu-Tobu,Subduction zone / Continental crust (>25 km),Pyroclastic cone(s),Japan,34.9,139.098,1.0,7,1989-07-13,1989.535616438356,Medium
284090,Izu-Torishima,Subduction zone / Oceanic crust (< 15 km),Stratovolcano,Japan,30.484,140.303,2.0,7,2013-07-06,2013.5164383561644,Medium
376010,Jan Mayen,Rift zone / Oceanic crust (< 15 km),Stratovolcano,Norway,71.082,-8.155,0.0,8,1985-01-06,1985.0164383561644,Medium
322020,Jefferson,Subduction zone / Continental crust (>25 km),Stratovolcano,United States,44.674,-121.8,2.0,2,0950-00-00,950.0027397260274,Low
305040,Jingbo,Intraplate / Continental crust (>25 km),Volcanic field,China,44.08,128.83,2.0,3,520-BCE-00-00,-519.9972602739726,Medium
302060,Jom-Bolok,Rift zone / Continental crust (>25 km),Volcanic field,Russia,52.713,99.021,2.0,1,5180-BCE-00-00,-5179.997260273973,Low
322190,Jordan Craters,Rift zone / Continental crust (>25 km),Volcanic field,United States,43.147,-117.46,2.0,1,1250-BCE-00-00,-1249.9972602739726,Low
261220,Kaba,Subduction zone / Continental crust (>25 km),Stratovolcano,Indonesia,-3.522,102.615,1.0,13,2000-08-22,2000.643607305936,High
241010,Kaikohe-Bay of Islands,Subduction zone / Continental crust (>25 km),Volcanic field,New Zealand,-35.3,173.9,2.0,1,0400-00-00,400.0027397260274,Low
284100,Kaitoku Seamount,Subduction zone / Crustal thickness unknown,Submarine,Japan,26.127,141.102,0.0,4,1986-06-18,1986.46598173516,Medium
311110,Kanaga,Subduction zone / Intermediate crust (15-25 km),Stratovolcano,United States,51.923,-177.168,2.0,24,2012-02-18,2012.1326484018264,High
272020,Kanlaon,Subduction zone / Continental crust (>25 km),Stratovolcano,Philippines,10.412,123.132,2.0,31,2017-12-09,2017.9413242009127,High
223040,Karisimbi,Rift zone / Continental crust (>25 km),Stratovolcano,DR Congo-Rwanda,-1.506,29.45,2.0,1,8050-BCE-00-00,-8049.997260273973,Low
251030,Karkar,Subduction zone / Continental crust (>25 km),Stratovolcano,Papua New Guinea,-4.649,145.964,1.0,19,2014-03-26,2014.237899543379,High
233010,Karthala,Intraplate / Oceanic crust (< 15 km),Shield,Comoros,-11.75,43.38,2.0,35,2007-01-12,2007.0328767123287,High
300130,Karymsky,Subduction zone / Continental crust (>25 km),Stratovolcano,Russia,54.049,159.443,2.0,53,2019-02-16,2019.127168949772,High
372030,Katla,Rift zone / Oceanic crust (< 15 km),Subglacial,Iceland,63.633,-19.083,0.0,132,1999-07-17,1999.5465753424653,High
312170,Katmai,Subduction zone / Continental crust (>25 km),Stratovolcano,United States,58.28,-154.963,2.0,6,1931-05-08,1931.3552511415528,Medium
214020,Kazbek,Intraplate / Continental crust (>25 km),Stratovolcano,Georgia,42.7,44.5,2.0,2,750-BCE-00-00,-749.9972602739726,Low
264140,Kelimutu,Subduction zone / Crustal thickness unknown,Complex,Indonesia,-8.77,121.82,1.0,3,1968-06-03,1968.4248858447488,Medium
263280,Kelut,Subduction zone / Continental crust (>25 km),Stratovolcano,Indonesia,-7.93,112.308,4.0,41,2014-02-13,2014.1189497716896,High
261170,Kerinci,Subduction zone / Continental crust (>25 km),Stratovolcano,Indonesia,-1.697,101.264,1.0,37,2018-04-21,2018.307534246576,High
290200,Ketoi,Subduction zone / Oceanic crust (< 15 km),Stratovolcano,Russia,47.35,152.475,1.0,5,2018-09-21,2018.724200913242,Medium
290300,Kharimkotan,Subduction zone / Intermediate crust (15-25 km),Stratovolcano,Russia,49.12,154.508,5.0,6,1933-01-08,1933.021917808219,Medium
231060,"Khaybar, Harrat",Intraplate / Continental crust (>25 km),Volcanic field,Saudi Arabia,25.0,39.92,2.0,1,0650-00-00,650.0027397260274,Low
300053,Khodutka,Subduction zone / Continental crust (>25 km),Stratovolcano(es),Russia,52.062,157.711,0.0,3,300-BCE-00-00,-299.9972602739726,Medium
360160,Kick 'em Jenny,Subduction zone / Oceanic crust (< 15 km),Submarine,Grenada,12.3,-61.64,0.0,15,2017-03-29,2017.2461187214608,High
282060,Kikai,Subduction zone / Oceanic crust (< 15 km),Caldera,Japan,30.793,130.305,2.0,25,2019-11-02,2019.838812785388,High
300180,Kikhpinych,Subduction zone / Continental crust (>25 km),Stratovolcano(es),Russia,54.489,160.251,2.0,8,1550-00-00,1550.0027397260274,Medium
332010,Kilauea,Intraplate / Oceanic crust (< 15 km),Shield,United States,19.421,-155.287,3.0,96,1983-01-03,1983.0082191780823,High
282090,Kirishimayama,Subduction zone / Continental crust (>25 km),Shield,Japan,31.934,130.862,3.0,85,2018-03-01,2018.169406392694,High
284110,Kita-Ioto,Subduction zone / Crustal thickness unknown,Stratovolcano,Japan,25.424,141.284,0.0,19,2003-11-04,2003.844292237443,High
300260,Klyuchevskoy,Subduction zone / Continental crust (>25 km),Stratovolcano,Russia,56.056,160.642,2.0,111,2019-10-24,2019.8157534246573,High
290120,Kolokol Group,Subduction zone / Intermediate crust (15-25 km),Stratovolcano,Russia,46.042,150.083,2.0,11,2009-08-26,2009.6545662100457,High
221200,Kone,Rift zone / Continental crust (>25 km),Caldera(s),Ethiopia,8.788,39.701,1.0,1,1820-00-00,1820.002739726028,Low
311161,Korovin,Subduction zone / Continental crust (>25 km),Stratovolcano(es),United States,52.381,-174.166,1.0,14,2006-11-25,2006.9018264840183,High
300020,Koshelev,Subduction zone / Continental crust (>25 km),Stratovolcano,Russia,51.356,156.753,2.0,5,1741-00-00,1741.0027397260274,Medium
300122,Kostakan,Subduction zone / Continental crust (>25 km),Pyroclastic cone(s),Russia,53.83,158.05,1.0,6,1350-00-00,1350.0027397260274,Medium
284030,Kozushima,Subduction zone / Oceanic crust (< 15 km),Lava dome(s),Japan,34.219,139.153,4.0,5,0838-08-02,838.5888127853881,Medium
373080,Krafla,Rift zone / Oceanic crust (< 15 km),Caldera,Iceland,65.715,-16.728,0.0,24,1984-09-04,1984.677625570776,High
262000,Krakatau,Subduction zone / Continental crust (>25 km),Caldera,Indonesia,-6.102,105.423,3.0,56,2018-06-18,2018.46598173516,High
300190,Krasheninnikov,Subduction zone / Continental crust (>25 km),Caldera,Russia,54.596,160.27,2.0,31,1550-00-00,1550.0027397260274,High
252070,Krummel-Garbuna-Welcker,Subduction zone / Continental crust (>25 km),Stratovolcano(es),Papua New Guinea,-5.416,150.027,2.0,4,2008-07-13,2008.535616438356,Medium
371030,Krysuvik,Rift zone / Oceanic crust (< 15 km),Crater rows,Iceland,63.883,-22.083,1.0,11,1340-00-00,1340.0027397260274,High
300050,Ksudach,Subduction zone / Continental crust (>25 km),Stratovolcano,Russia,51.844,157.572,5.0,15,1907-03-28,1907.2433789954337,High
282050,Kuchinoerabujima,Subduction zone / Oceanic crust (< 15 km),Stratovolcano(es),Japan,30.443,130.217,2.0,30,2020-01-11,2020.0301369863007,High
282043,Kuchinoshima,Subduction zone / Oceanic crust (< 15 km),Stratovolcano(es),Japan,29.968,129.926,2.0,4,1190-00-00,1190.0027397260274,Medium
282120,Kujusan,Subduction zone / Continental crust (>25 km),Stratovolcano(es),Japan,33.086,131.249,1.0,14,1995-10-11,1995.7801369863007,High
304030,Kunlun Volcanic Group,Intraplate / Continental crust (>25 km),Pyroclastic cone(s),China,35.52,80.2,2.0,2,1951-05-27,1951.407305936073,Low
283210,Kurikomayama,Subduction zone / Continental crust (>25 km),Stratovolcano,Japan,38.961,140.788,2.0,8,1950-01-15,1950.041095890411,Medium
300023,Kurile Lake,Subduction zone / Continental crust (>25 km),Caldera,Russia,51.45,157.12,7.0,2,6440-BCE-00-00,-6439.997260273973,Low
283120,Kusatsu-Shiranesan,Subduction zone / Continental crust (>25 km),Stratovolcano(es),Japan,36.618,138.528,1.0,31,2018-01-23,2018.06301369863,High
285080,Kussharo,Subduction zone / Continental crust (>25 km),Caldera,Japan,43.615,144.427,2.0,6,1320-00-00,1320.0027397260274,Medium
285034,Kuttara,Subduction zone / Continental crust (>25 km),Stratovolcano(es),Japan,42.491,141.16,1.0,3,1820-00-00,1820.002739726028,Medium
257070,Kuwae,Subduction zone / Intermediate crust (15-25 km),Caldera,Vanuatu,-16.829,168.536,0.0,18,1980-08-20,1980.638127853881,High
373050,Kverkfjoll,Rift zone / Oceanic crust (< 15 km),Stratovolcano,Iceland,64.653,-16.647,0.0,8,1968-05-23,1968.396347031964,Medium
222170,Kyejo,Rift zone / Continental crust (>25 km),Stratovolcano,Tanzania,-9.229,33.792,2.0,1,1800-00-00,1800.0027397260274,Low
383010,La Palma,Intraplate / Oceanic crust (< 15 km),Stratovolcano(es),Spain,28.57,-17.83,2.0,13,1971-10-26,1971.8212328767124,High
263320,Lamongan,Subduction zone / Continental crust (>25 km),Stratovolcano,Indonesia,-7.981,113.341,2.0,42,1953-04-04,1953.2609589041097,High
252010,Langila,Subduction zone / Continental crust (>25 km),Complex,Papua New Guinea,-5.525,148.42,2.0,27,2016-04-02,2016.2554794520547,High
371080,Langjokull,Rift zone / Oceanic crust (< 15 km),Subglacial,Iceland,64.85,-19.7,2.0,6,0950-00-00,950.0027397260274,Medium
357122,Lanin,Subduction zone / Continental crust (>25 km),Stratovolcano,Chile-Argentina,-39.637,-71.502,2.0,8,0560-00-00,560.0027397260274,Medium
383060,Lanzarote,Intraplate / Intermediate crust (15-25 km),Fissure vent(s),Spain,29.03,-13.63,2.0,4,1824-07-31,1824.5849315068488,Medium
355100,Lascar,Subduction zone / Continental crust (>25 km),Stratovolcano(es),Chile,-23.37,-67.73,2.0,36,2015-10-30,2015.8321917808216,High
323080,Lassen Volcanic Center,Subduction zone / Continental crust (>25 km),Stratovolcano,United States,40.492,-121.508,3.0,7,1914-05-30,1914.415525114156,Medium
263260,Lawu,Subduction zone / Continental crust (>25 km),Stratovolcano,Indonesia,-7.625,111.192,1.0,2,1885-11-28,1885.9100456621004,Low
222120,"Lengai, Ol Doinyo",Rift zone / Continental crust (>25 km),Stratovolcano,Tanzania,-2.764,35.914,0.0,29,2017-04-09,2017.274657534247,High
271031,Leonard Range,Subduction zone / Continental crust (>25 km),Stratovolcano,Philippines,7.382,126.047,2.0,3,0120-00-00,120.0027397260274,Medium
264200,Leroboleng,Subduction zone / Crustal thickness unknown,Complex,Indonesia,-8.365,122.833,3.0,4,2003-06-26,2003.487899543379,Medium
264180,Lewotobi,Subduction zone / Crustal thickness unknown,Stratovolcano(es),Indonesia,-8.542,122.775,2.0,24,2014-10-06,2014.7664383561644,High
360030,Liamuiga,Subduction zone / Oceanic crust (< 15 km),Stratovolcano,Saint Kitts and Nevis,17.37,-62.8,2.0,5,1843-02-08,1843.1052511415528,Medium
211042,Lipari,Subduction zone / Continental crust (>25 km),Stratovolcano(es),Italy,38.49,14.933,2.0,3,1230-00-00,1230.0027397260274,Medium
370030,Ljosufjoll,Rift zone / Oceanic crust (< 15 km),Fissure vent(s),Iceland,64.9,-22.483,2.0,5,0960-00-00,960.0027397260274,Medium
357110,Llaima,Subduction zone / Continental crust (>25 km),Stratovolcano,Chile,-38.692,-71.729,3.0,58,2008-01-01,2008.002739726028,High
266100,Lokon-Empung,Subduction zone / Continental crust (>25 km),Stratovolcano(es),Indonesia,1.358,124.792,1.0,31,2015-08-30,2015.665525114156,High
252130,Lolobau,Subduction zone / Continental crust (>25 km),Caldera,Papua New Guinea,-4.92,151.158,4.0,4,1911-00-00,1911.002739726028,Medium
255030,Loloru,Subduction zone / Crustal thickness unknown,Pyroclastic shield,Papua New Guinea,-6.52,155.62,2.0,6,1050-BCE-00-00,-1049.9972602739726,Medium
251050,Long Island,Subduction zone / Continental crust (>25 km),Complex,Papua New Guinea,-5.358,147.12,1.0,12,1993-11-03,1993.841552511416,High
305050,Longgang Group,Intraplate / Continental crust (>25 km),Pyroclastic cone(s),China,42.33,126.5,2.0,1,0350-00-00,350.0027397260274,Low
357100,Lonquimay,Subduction zone / Continental crust (>25 km),Stratovolcano,Chile,-38.379,-71.586,3.0,5,1988-12-25,1988.985159817352,Medium
231040,"Lunayyir, Harrat",Intraplate / Continental crust (>25 km),Volcanic field,Saudi Arabia,25.17,37.75,2.0,1,1000-00-00,1000.0027397260274,Low
242021,Macauley,Subduction zone / Oceanic crust (< 15 km),Caldera,New Zealand,-30.21,-178.475,0.0,3,1887-12-01,1887.919406392694,Medium
382120,Madeira,Intraplate / Oceanic crust (< 15 km),Shield,Portugal,32.73,-16.97,2.0,1,4500-BCE-00-00,-4499.997260273973,Low
272070,Mahagnao,Subduction zone / Continental crust (>25 km),Stratovolcano,Philippines,10.882,124.888,2.0,1,1895-00-00,1895.002739726028,Low
266110,Mahawu,Subduction zone / Continental crust (>25 km),Stratovolcano,Indonesia,1.352,124.865,0.0,7,1977-11-16,1977.877168949772,Medium
357021,Maipo,Subduction zone / Continental crust (>25 km),Caldera,Chile-Argentina,-34.164,-69.832,2.0,13,1912-00-00,1912.002739726028,High
311310,Makushin,Subduction zone / Intermediate crust (15-25 km),Stratovolcano,United States,53.891,-166.923,1.0,28,1995-01-30,1995.0821917808216,High
300140,Maly Semyachik,Subduction zone / Continental crust (>25 km),Caldera,Russia,54.135,159.674,2.0,23,1952-12-05,1952.930365296804,High
323150,Mammoth Mountain,Rift zone / Continental crust (>25 km),Lava dome(s),United States,37.631,-119.032,2.0,2,1260-00-00,1260.0027397260274,Low
251020,Manam,Subduction zone / Continental crust (>25 km),Stratovolcano,Papua New Guinea,-4.08,145.037,2.0,45,2014-06-29,2014.4961187214608,High
221115,Manda Hararo,Rift zone / Intermediate crust (15-25 km),Shield(s),Ethiopia,12.17,40.82,2.0,2,2009-06-28,2009.4933789954337,Low
221122,Manda-Inakir,Rift zone / Intermediate crust (15-25 km),Fissure vent(s),Ethiopia-Djibouti,12.38,42.2,2.0,1,1928-12-31,1929.001598173516,Low
261140,Marapi,Subduction zone / Continental crust (>25 km),Complex,Indonesia,-0.38,100.474,2.0,68,2018-04-27,2018.32397260274,High
234070,Marion Island,Rift zone / Oceanic crust (< 15 km),Shield(s),South Africa,-46.9,37.75,1.0,2,2004-06-24,2004.482420091324,Low
273081,Mariveles,Subduction zone / Continental crust (>25 km),Stratovolcano,Philippines,14.527,120.482,2.0,1,2050-BCE-00-00,-2049.9972602739726,Low
327040,Markagunt Plateau,Rift zone / Continental crust (>25 km),Volcanic field,United States,37.58,-112.67,2.0,1,1050-00-00,1050.0027397260274,Low
241061,Maroa,Subduction zone / Continental crust (>25 km),Caldera(s),New Zealand,-38.42,176.08,2.0,2,0180-00-00,180.0027397260274,Low
225030,"Marra, Jebel",Intraplate / Continental crust (>25 km),Volcanic field,Sudan,12.95,24.27,4.0,1,2000-BCE-00-00,-1999.9972602739729,Low
312140,Martin,Subduction zone / Continental crust (>25 km),Stratovolcano,United States,58.172,-155.361,2.0,4,1953-02-17,1953.129908675799,Medium
285061,Maruyama,Subduction zone / Continental crust (>25 km),Stratovolcano(es),Japan,43.418,143.031,2.0,2,1898-12-03,1898.9248858447488,Low
344100,Masaya,Subduction zone / Continental crust (>25 km),Caldera,Nicaragua,11.985,-86.165,1.0,42,2015-10-03,2015.7582191780823,High
285081,Mashu,Subduction zone / Continental crust (>25 km),Caldera,Japan,43.572,144.561,5.0,7,1080-00-00,1080.0027397260274,Medium
258010,Matthew Island,Subduction zone / Crustal thickness unknown,Stratovolcano,France,-22.33,171.32,1.0,7,1976-11-27,1976.907305936073,Medium
271020,Matutum,Subduction zone / Continental crust (>25 km),Stratovolcano,Philippines,6.37,125.07,2.0,4,1911-03-07,1911.1858447488585,Medium
357061,"Maule, Laguna del",Subduction zone / Continental crust (>25 km),Caldera,Chile,-36.058,-70.492,0.0,4,50-BCE-00-00,-49.9972602739726,Medium
332030,Mauna Kea,Intraplate / Oceanic crust (< 15 km),Shield,United States,19.82,-155.47,2.0,6,2460-BCE-00-00,-2459.9972602739726,Medium
332020,Mauna Loa,Intraplate / Oceanic crust (< 15 km),Shield,United States,19.475,-155.608,0.0,110,1984-03-25,1984.235159817352,High
241021,Mayor Island,Subduction zone / Continental crust (>25 km),Shield,New Zealand,-37.28,176.25,5.0,2,5060-BCE-00-00,-5059.997260273973,Low
320180,Meager,Subduction zone / Continental crust (>25 km),Complex,Canada,50.63,-123.5,5.0,1,410-BCE-00-00,-409.9972602739726,Low
323020,Medicine Lake,Subduction zone / Continental crust (>25 km),Shield,United States,41.611,-121.554,1.0,10,1910-01-00,1910.002739726028,Medium
283262,Megata,Subduction zone / Continental crust (>25 km),Maar(s),Japan,39.95,139.73,2.0,2,2050-BCE-00-00,-2049.9972602739726,Low
225050,Meidob Volcanic Field,Intraplate / Continental crust (>25 km),Pyroclastic cone(s),Sudan,15.32,26.47,0.0,6,2950-BCE-00-00,-2949.9972602739726,Medium
390015,Melbourne,Intraplate / Continental crust (>25 km),Stratovolcano,Antarctica,-74.35,164.7,2.0,1,1892-00-00,1892.002739726028,Low
263250,Merapi,Subduction zone / Continental crust (>25 km),Stratovolcano,Indonesia,-7.54,110.446,3.0,110,2018-05-11,2018.3634703196344,High
263240,Merbabu,Subduction zone / Continental crust (>25 km),Stratovolcano,Indonesia,-7.454,110.44,2.0,4,1797-00-00,1797.0027397260274,Medium
222160,Meru,Rift zone / Continental crust (>25 km),Stratovolcano,Tanzania,-3.25,36.75,2.0,4,1910-10-26,1910.8212328767124,Medium
212020,Methana,Subduction zone / Continental crust (>25 km),Lava dome(s),Greece,37.615,23.336,2.0,2,1922-08-00,1922.5860730593608,Low
358040,Michinmahuida,Subduction zone / Continental crust (>25 km),Stratovolcano,Chile,-42.799,-72.445,2.0,10,1915-00-00,1915.002739726028,Medium
341060,Michoacan-Guanajuato,Subduction zone / Continental crust (>25 km),Pyroclastic cone(s),Mexico,19.85,-101.75,4.0,11,1943-02-20,1943.138127853881,High
283080,Midagahara,Subduction zone / Continental crust (>25 km),Stratovolcano,Japan,36.571,137.59,2.0,7,1858-04-08,1858.271917808219,Medium
284041,Mikurajima,Subduction zone / Oceanic crust (< 15 km),Stratovolcano,Japan,33.874,139.602,2.0,2,4100-BCE-00-00,-4099.997260273973,Low
290161,Milna,Subduction zone / Oceanic crust (< 15 km),Stratovolcano,Russia,46.815,151.786,2.0,6,1944-00-00,1944.002739726028,Medium
212030,Milos,Subduction zone / Continental crust (>25 km),Stratovolcano(es),Greece,36.699,24.439,1.0,1,0140-00-00,140.0027397260274,Low
284131,Minami-Hiyoshi,Subduction zone / Crustal thickness unknown,Submarine,Japan,23.5,141.935,0.0,6,1996-01-11,1996.0301369863007,Medium
345030,Miravalles,Subduction zone / Continental crust (>25 km),Stratovolcano,Costa Rica,10.748,-85.153,1.0,2,1946-09-14,1946.7050228310504,Low
284040,Miyakejima,Subduction zone / Oceanic crust (< 15 km),Stratovolcano,Japan,34.094,139.526,1.0,40,2010-04-11,2010.2801369863007,High
357130,Mocho-Choshuenco,Subduction zone / Continental crust (>25 km),Stratovolcano(es),Chile,-39.927,-72.027,2.0,2,1937-06-16,1937.460502283105,Low
311111,Moffett,Subduction zone / Intermediate crust (15-25 km),Stratovolcano,United States,51.944,-176.747,2.0,3,1600-BCE-00-00,-1599.9972602739726,Medium
344110,Mombacho,Subduction zone / Continental crust (>25 km),Stratovolcano,Nicaragua,11.826,-85.968,2.0,2,1850-00-00,1850.002739726028,Low
344090,Momotombo,Subduction zone / Continental crust (>25 km),Stratovolcano,Nicaragua,12.423,-86.539,2.0,22,2015-12-01,2015.919406392694,High
323110,Mono Lake Volcanic Field,Rift zone / Continental crust (>25 km),Pyroclastic cone(s),United States,38.0,-119.03,2.0,5,1890-08-23,1890.646347031964,Medium
323120,Mono-Inyo Craters,Rift zone / Continental crust (>25 km),Lava dome(s),United States,37.804,-119.029,4.0,13,1380-00-00,1380.0027397260274,High
390081,Montagu Island,Subduction zone / Oceanic crust (< 15 km),Shield,United Kingdom,-58.445,-26.374,1.0,2,2001-10-01,2001.752739726028,Low
290100,Moyorodake [Medvezhia],Subduction zone / Intermediate crust (15-25 km),Stratovolcano,Japan - administered by Russia,45.389,148.838,1.0,6,1999-10-07,1999.769178082192,Medium
263251,Muria,Subduction zone / Continental crust (>25 km),Stratovolcano,Indonesia,-6.62,110.88,2.0,1,160-BCE-00-00,-159.9972602739726,Low
300060,Mutnovsky,Subduction zone / Continental crust (>25 km),Complex,Russia,52.449,158.196,1.0,45,2000-06-30,2000.4988584474888,High
284070,Myojinsho,Subduction zone / Oceanic crust (< 15 km),Submarine,Japan,31.888,139.918,0.0,23,1988-03-18,1988.21598173516,High
283100,Myokosan,Subduction zone / Continental crust (>25 km),Stratovolcano,Japan,36.891,138.114,2.0,10,750-BCE-00-00,-749.9972602739726,Medium
245030,Nabukelevu,Subduction zone / Crustal thickness unknown,Lava dome(s),Fiji,-19.12,177.98,2.0,3,1660-00-00,1660.0027397260274,Medium
282040,Nakanoshima,Subduction zone / Oceanic crust (< 15 km),Stratovolcano(es),Japan,29.859,129.857,1.0,2,1949-10-00,1949.752739726028,Low
222040,Namarunu,Rift zone / Continental crust (>25 km),Shield,Kenya,1.98,36.43,2.0,1,6550-BCE-00-00,-6549.997260273973,Low
283141,Nantaisan,Subduction zone / Continental crust (>25 km),Stratovolcano,Japan,36.765,139.491,2.0,1,9540-BCE-00-00,-9539.997260273973,Low
341095,Naolinco Volcanic Field,Subduction zone / Continental crust (>25 km),Pyroclastic cone(s),Mexico,19.67,-96.75,2.0,1,1200-BCE-00-00,-1199.9972602739726,Low
283200,Naruko,Subduction zone / Continental crust (>25 km),Caldera,Japan,38.729,140.734,1.0,5,0837-05-27,837.407305936073,Medium
283150,Nasudake,Subduction zone / Continental crust (>25 km),Stratovolcano(es),Japan,37.125,139.963,1.0,21,1963-11-20,1963.888127853881,High
353050,"Negra, Sierra",Rift zone / Oceanic crust (< 15 km),Shield,Ecuador,-0.83,-91.17,2.0,18,2018-06-26,2018.487899543379,High
344070,"Negro, Cerro",Subduction zone / Continental crust (>25 km),Pyroclastic cone(s),Nicaragua,12.506,-86.702,2.0,24,1999-08-05,1999.5970319634705,High
344092,Nejapa-Miraflores,Subduction zone / Continental crust (>25 km),Fissure vent(s),Nicaragua,12.12,-86.32,3.0,8,1060-00-00,1060.0027397260274,Medium
213020,Nemrut Dagi,Intraplate / Continental crust (>25 km),Stratovolcano,Turkey,38.654,42.229,2.0,27,1692-04-13,1692.285616438356,High
322110,Newberry,Subduction zone / Continental crust (>25 km),Shield,United States,43.722,-121.229,4.0,11,0690-00-00,690.0027397260274,High
259010,Newer Volcanics Province,Intraplate / Continental crust (>25 km),Shield(s),Australia,-37.77,142.5,2.0,4,2900-BCE-00-00,-2899.9972602739726,Medium
222164,Ngozi,Rift zone / Continental crust (>25 km),Caldera,Tanzania,-8.989,33.554,2.0,2,1450-00-00,1450.0027397260274,Low
283090,Niigata-Yakeyama,Subduction zone / Continental crust (>25 km),Lava dome,Japan,36.921,138.036,1.0,20,1998-03-30,1998.2488584474888,High
284020,Niijima,Subduction zone / Oceanic crust (< 15 km),Lava dome(s),Japan,34.397,139.27,4.0,5,0886-06-29,886.4961187214612,Medium
283140,Nikko-Shiranesan,Subduction zone / Continental crust (>25 km),Shield,Japan,36.799,139.376,2.0,12,1952-07-16,1952.5438356164384,High
285031,Niseko,Subduction zone / Continental crust (>25 km),Stratovolcano(es),Japan,42.875,140.659,2.0,1,4900-BCE-00-00,-4899.997260273973,Low
212050,Nisyros,Subduction zone / Continental crust (>25 km),Stratovolcano,Greece,36.586,27.16,2.0,4,1888-09-25,1888.735159817352,Medium
243110,Niuafo'ou,Subduction zone / Oceanic crust (< 15 km),Shield,Tonga,-15.6,-175.63,0.0,14,1985-03-21,1985.224200913242,High
283060,Norikuradake,Subduction zone / Continental crust (>25 km),Stratovolcano(es),Japan,36.106,137.554,3.0,3,50-BCE-00-00,-49.9972602739726,Medium
334050,Northern EPR at 9.8Â°N,Rift zone / Oceanic crust (< 15 km),Submarine,Undersea Features,9.83,-104.3,0.0,17,2005-08-16,2005.627168949772,High
283151,Numazawa,Subduction zone / Continental crust (>25 km),Shield,Japan,37.444,139.566,5.0,1,3400-BCE-00-00,-3399.9972602739726,Low
284211,NW Rota-1,Subduction zone / Crustal thickness unknown,Submarine,United States,14.601,144.775,0.0,1,2003-07-02,2003.5054794520547,Low
223020,Nyamuragira,Rift zone / Continental crust (>25 km),Shield,DR Congo,-1.408,29.2,0.0,49,2018-04-18,2018.299315068493,High
223030,Nyiragongo,Rift zone / Continental crust (>25 km),Stratovolcano,DR Congo,-1.52,29.25,2.0,20,2002-05-17,2002.379908675799,High
300650,Nylgimelkin,Subduction zone / Continental crust (>25 km),Shield(s),Russia,57.97,160.65,2.0,1,3550-BCE-00-00,-3549.9972602739726,Low
244010,Ofu-Olosega,Subduction zone / Oceanic crust (< 15 km),Shield(s),United States,-14.175,-169.618,2.0,1,1866-09-12,1866.699543378996,Low
355130,"Ojos del Salado, Nevados",Subduction zone / Continental crust (>25 km),Stratovolcano,Chile-Argentina,-27.109,-68.541,1.0,2,1993-11-14,1993.871689497717,Low
241050,Okataina,Subduction zone / Continental crust (>25 km),Lava dome(s),New Zealand,-38.12,176.5,1.0,31,1981-05-16,1981.377168949772,High
311290,Okmok,Subduction zone / Intermediate crust (15-25 km),Shield,United States,53.43,-168.13,4.0,19,2008-07-12,2008.5328767123287,High
224030,Oku Volcanic Field,Intraplate / Continental crust (>25 km),Stratovolcano,Cameroon,6.25,10.5,2.0,2,1986-08-21,1986.640867579909,Low
355050,Olca-Paruma,Subduction zone / Continental crust (>25 km),Stratovolcano(es),Chile-Bolivia,-20.939,-68.413,2.0,1,1865-00-00,1865.002739726028,Low
222090,Olkaria,Rift zone / Continental crust (>25 km),Pyroclastic cone(s),Kenya,-0.904,36.292,2.0,3,1770-00-00,1770.0027397260274,Medium
283142,Omanago Group,Subduction zone / Continental crust (>25 km),Lava dome(s),Japan,36.795,139.507,2.0,1,3050-BCE-00-00,-3049.9972602739726,Low
283040,Ontakesan,Subduction zone / Continental crust (>25 km),Complex,Japan,35.893,137.48,3.0,5,2014-09-27,2014.7406392694063,Medium
300080,Opala,Subduction zone / Continental crust (>25 km),Caldera,Russia,52.543,157.339,2.0,7,1894-00-00,1894.002739726028,Medium
374010,Oraefajokull,Rift zone / Oceanic crust (< 15 km),Stratovolcano,Iceland,64.05,-16.633,4.0,2,1727-08-03,1727.5915525114156,Low
341100,"Orizaba, Pico de",Subduction zone / Continental crust (>25 km),Stratovolcano,Mexico,19.03,-97.27,2.0,27,1846-00-00,1846.002739726028,High
285010,Oshima-Oshima,Subduction zone / Continental crust (>25 km),Stratovolcano,Japan,41.51,139.367,2.0,6,1790-01-00,1790.0027397260274,Medium
283290,Osorezan,Subduction zone / Continental crust (>25 km),Stratovolcano,Japan,41.279,141.12,2.0,1,1787-00-00,1787.0027397260274,Low
358010,Osorno,Subduction zone / Continental crust (>25 km),Stratovolcano,Chile,-41.105,-72.496,2.0,18,1869-00-00,1869.002739726028,High
342110,Pacaya,Subduction zone / Continental crust (>25 km),Complex,Guatemala,14.382,-90.601,1.0,36,2015-06-07,2015.4358447488585,High
284170,Pagan,Subduction zone / Crustal thickness unknown,Stratovolcano(es),United States,18.13,145.8,2.0,24,2012-10-30,2012.8321917808216,High
222053,Paka,Rift zone / Continental crust (>25 km),Shield,Kenya,0.92,36.18,4.0,1,7550-BCE-00-00,-7549.997260273973,Low
358080,Pali-Aike Volcanic Field,Subduction zone / Continental crust (>25 km),Pyroclastic cone(s),Chile-Argentina,-52.082,-69.698,2.0,1,5550-BCE-00-00,-5549.997260273973,Low
264150,Paluweh,Subduction zone / Crustal thickness unknown,Stratovolcano,Indonesia,-8.32,121.708,2.0,10,2012-10-08,2012.771917808219,Medium
211071,Pantelleria,Rift zone / Continental crust (>25 km),Shield,Italy,36.77,12.02,2.0,9,1891-12-00,1891.919406392694,Medium
263100,Papandayan,Subduction zone / Continental crust (>25 km),Stratovolcano(es),Indonesia,-7.32,107.73,2.0,4,2002-11-11,2002.8634703196344,Medium
355012,Parinacota,Subduction zone / Continental crust (>25 km),Stratovolcano,Chile-Bolivia,-18.166,-69.142,4.0,6,0290-00-00,290.0027397260274,Medium
312030,Pavlof,Subduction zone / Continental crust (>25 km),Stratovolcano,United States,55.417,-161.894,2.0,47,2016-03-27,2016.2406392694063,High
357066,Payun Matru,Subduction zone / Continental crust (>25 km),Shield,Argentina,-36.422,-69.241,0.0,1,5050-BCE-00-00,-5049.997260273973,Low
360120,Pelee,Subduction zone / Oceanic crust (< 15 km),Stratovolcano,France,14.809,-61.165,3.0,54,1929-09-16,1929.710502283105,High
263291,Penanggungan,Subduction zone / Continental crust (>25 km),Stratovolcano,Indonesia,-7.616,112.62,2.0,1,0200-00-00,200.0027397260274,Low
390031,Penguin Island,Intraplate / Continental crust (>25 km),Stratovolcano,Antarctica,-62.1,-57.93,2.0,3,1905-00-00,1905.002739726028,Medium
263040,Perbakti-Gagak,Subduction zone / Continental crust (>25 km),Stratovolcano(es),Indonesia,-6.75,106.7,1.0,7,1939-04-06,1939.2664383561644,Medium
261030,Peuet Sague,Subduction zone / Continental crust (>25 km),Complex,Indonesia,4.903,96.289,2.0,7,2000-12-25,2000.985159817352,Medium
382020,Pico,Rift zone / Oceanic crust (< 15 km),Stratovolcano,Portugal,38.47,-28.4,0.0,4,1963-12-15,1963.9577625570776,Medium
382081,Picos Volcanic System,Rift zone / Oceanic crust (< 15 km),Pyroclastic cone(s),Portugal,37.78,-25.67,2.0,7,1652-10-19,1652.8020547945205,Medium
344080,"Pilas, Las",Subduction zone / Continental crust (>25 km),Complex,Nicaragua,12.495,-86.688,2.0,3,1954-10-29,1954.8294520547945,Medium
341001,Pinacate,Subduction zone / Continental crust (>25 km),Pyroclastic cone(s),Mexico,31.772,-113.498,2.0,2,1934-12-31,1935.001598173516,Low
273083,Pinatubo,Subduction zone / Continental crust (>25 km),Stratovolcano,Philippines,15.13,120.35,1.0,8,1993-02-16,1993.127168949772,Medium
357040,Planchon-Peteroa,Subduction zone / Continental crust (>25 km),Stratovolcano(es),Chile,-35.223,-70.568,1.0,24,2018-11-07,2018.8525114155248,High
360110,"Plat Pays, Morne",Subduction zone / Oceanic crust (< 15 km),Stratovolcano,Dominica,15.255,-61.341,2.0,4,1270-00-00,1270.0027397260274,Medium
390013,"Pleiades, The",Intraplate / Continental crust (>25 km),Stratovolcano,Antarctica,-72.67,165.5,2.0,1,1050-BCE-00-00,-1049.9972602739726,Low
345040,Poas,Subduction zone / Continental crust (>25 km),Stratovolcano,Costa Rica,10.2,-84.233,2.0,60,2019-02-07,2019.1025114155248,High
275080,Popa,Intraplate / Continental crust (>25 km),Stratovolcano,Burma (Myanmar),20.92,95.25,2.0,1,442-BCE-00-00,-441.9972602739726,Low
341090,Popocatepetl,Subduction zone / Continental crust (>25 km),Stratovolcano(es),Mexico,19.023,-98.622,2.0,46,2005-01-09,2005.024657534247,High
214090,Porak,Intraplate / Continental crust (>25 km),Stratovolcano,Armenia-Azerbaijan,40.028,45.74,2.0,3,740-BCE-00-00,-739.9972602739726,Medium
371070,Prestahnukur,Rift zone / Oceanic crust (< 15 km),Subglacial,Iceland,64.583,-20.666,0.0,3,3350-BCE-00-00,-3349.9972602739726,Medium
390140,Protector Seamounts,Subduction zone / Oceanic crust (< 15 km),Submarine,United Kingdom,-55.912,-28.167,0.0,1,1962-03-05,1962.180365296804,Low
355107,Pular,Subduction zone / Continental crust (>25 km),Stratovolcano(es),Chile,-24.188,-68.054,1.0,1,1990-04-24,1990.3157534246573,Low
352011,Pululahua,Subduction zone / Continental crust (>25 km),Caldera,Ecuador,0.038,-78.463,2.0,4,0290-00-00,290.0027397260274,Medium
357160,Puntiagudo-Cordon Cenizos,Subduction zone / Continental crust (>25 km),Stratovolcano,Chile,-40.969,-72.264,2.0,2,1930-00-00,1930.002739726028,Low
351060,Purace,Subduction zone / Continental crust (>25 km),Stratovolcano(es),Colombia,2.32,-76.4,2.0,25,1977-03-19,1977.2187214611872,High
357150,Puyehue-Cordon Caulle,Subduction zone / Continental crust (>25 km),Stratovolcano,Chile,-40.59,-72.117,5.0,26,2011-06-04,2011.427625570776,High
360140,Qualibou,Subduction zone / Oceanic crust (< 15 km),Caldera,Saint Lucia,13.83,-61.05,1.0,1,1766-00-00,1766.0027397260274,Low
357121,Quetrupillan,Subduction zone / Continental crust (>25 km),Stratovolcano,Chile,-39.496,-71.722,2.0,5,1872-06-06,1872.4331050228311,Medium
360020,"Quill, The",Subduction zone / Oceanic crust (< 15 km),Stratovolcano,Netherlands,17.478,-62.96,2.0,3,0250-00-00,250.0027397260274,Medium
354000,Quimsachata,Subduction zone / Continental crust (>25 km),Lava dome,Peru,-14.176,-71.351,2.0,1,4450-BCE-00-00,-4449.997260273973,Low
252140,Rabaul,Subduction zone / Continental crust (>25 km),Pyroclastic shield,Papua New Guinea,-4.271,152.203,3.0,19,2014-07-07,2014.519178082192,High
231070,"Rahat, Harrat",Intraplate / Continental crust (>25 km),Volcanic field,Saudi Arabia,23.08,39.78,2.0,3,1292-00-00,1292.0027397260274,Medium
321030,Rainier,Subduction zone / Continental crust (>25 km),Stratovolcano,United States,46.853,-121.76,1.0,28,1894-11-21,1894.890867579909,High
264071,Ranakah,Subduction zone / Continental crust (>25 km),Lava dome(s),Indonesia,-8.62,120.52,1.0,2,1991-03-16,1991.210502283105,Low
261251,Ranau,Subduction zone / Continental crust (>25 km),Caldera,Indonesia,-4.871,103.925,2.0,2,1903-12-09,1903.9413242009127,Low
242030,Raoul Island,Subduction zone / Oceanic crust (< 15 km),Stratovolcano,New Zealand,-29.27,-177.92,1.0,19,2006-03-17,2006.2132420091325,High
290220,Rasshua,Subduction zone / Oceanic crust (< 15 km),Stratovolcano,Russia,47.77,153.02,1.0,2,1957-10-16,1957.7938356164384,Low
263340,Raung,Subduction zone / Continental crust (>25 km),Stratovolcano,Indonesia,-8.119,114.056,3.0,69,2015-02-01,2015.0860730593608,High
290020,Raususan [Mendeleev],Subduction zone / Intermediate crust (15-25 km),Stratovolcano,Japan - administered by Russia,43.979,145.733,2.0,3,1900-00-00,1900.002739726028,Medium
358063,Reclus,Subduction zone / Continental crust (>25 km),Pyroclastic cone,Chile,-50.964,-73.585,1.0,4,1908-00-00,1908.002739726028,Medium
327812,Red Hill,Rift zone / Continental crust (>25 km),Volcanic field,United States,34.25,-108.83,2.0,3,9450-BCE-00-00,-9449.997260273973,Medium
241060,Reporoa,Subduction zone / Continental crust (>25 km),Caldera,New Zealand,-38.42,176.33,2.0,1,1180-00-00,1180.0027397260274,Low
352010,Reventador,Subduction zone / Continental crust (>25 km),Stratovolcano,Ecuador,-0.077,-77.656,2.0,26,2008-07-27,2008.57397260274,High
371020,Reykjanes,Rift zone / Oceanic crust (< 15 km),Crater rows,Iceland,63.85,-22.566,0.0,22,1970-07-02,1970.5054794520547,High
345020,Rincon de la Vieja,Subduction zone / Continental crust (>25 km),Complex,Costa Rica,10.83,-85.324,2.0,33,2020-01-31,2020.0849315068488,High
264030,Rinjani,Subduction zone / Continental crust (>25 km),Stratovolcano,Indonesia,-8.42,116.47,2.0,21,2016-08-01,2016.5860730593608,High
241100,Ruapehu,Subduction zone / Continental crust (>25 km),Stratovolcano,New Zealand,-39.28,175.57,1.0,66,2007-09-25,2007.735159817352,High
351020,"Ruiz, Nevado del",Subduction zone / Continental crust (>25 km),Stratovolcano,Colombia,4.892,-75.324,2.0,27,2019-07-23,2019.56301369863,High
241130,Rumble III,Subduction zone / Oceanic crust (< 15 km),Submarine,New Zealand,-35.745,178.478,0.0,6,2008-07-02,2008.5054794520547,Medium
222166,Rungwe,Rift zone / Continental crust (>25 km),Stratovolcano,Tanzania,-9.135,33.668,2.0,3,1250-00-00,1250.0027397260274,Medium
360010,Saba,Subduction zone / Oceanic crust (< 15 km),Stratovolcano,Netherlands,17.63,-63.23,2.0,1,1640-00-00,1640.0027397260274,Low
354006,Sabancaya,Subduction zone / Continental crust (>25 km),Stratovolcano(es),Peru,-15.787,-71.857,3.0,14,2016-11-06,2016.8497716894976,High
263050,Salak,Subduction zone / Continental crust (>25 km),Stratovolcano,Indonesia,-6.72,106.73,2.0,6,1938-01-31,1938.0849315068488,Medium
323200,Salton Buttes,Rift zone / Continental crust (>25 km),Lava dome(s),United States,33.197,-115.616,2.0,3,0210-00-00,210.0027397260274,Medium
344020,San Cristobal,Subduction zone / Continental crust (>25 km),Stratovolcano,Nicaragua,12.702,-87.004,2.0,35,2019-03-04,2019.177625570776,High
329020,San Francisco Volcanic Field,Rift zone / Continental crust (>25 km),Pyroclastic cone,United States,35.347,-111.678,4.0,1,1075-00-00,1075.0027397260274,Low
357020,San Jose,Subduction zone / Continental crust (>25 km),Stratovolcano(es),Chile-Argentina,-33.789,-69.895,2.0,9,1960-07-02,1960.5054794520547,Medium
341110,San Martin,Subduction zone / Continental crust (>25 km),Shield,Mexico,18.57,-95.2,2.0,16,1932-12-31,1933.001598173516,High
273060,San Pablo Volcanic Field,Subduction zone / Continental crust (>25 km),Stratovolcano,Philippines,14.12,121.3,2.0,1,1350-00-00,1350.0027397260274,Low
355070,San Pedro-San Pablo,Subduction zone / Continental crust (>25 km),Stratovolcano(es),Chile,-21.888,-68.391,2.0,10,1960-12-02,1960.9221461187208,Medium
343050,San Salvador,Subduction zone / Continental crust (>25 km),Stratovolcano,El Salvador,13.734,-89.294,3.0,7,1917-06-07,1917.4358447488585,Medium
283002,Sanbesan,Subduction zone / Continental crust (>25 km),Stratovolcano,Japan,35.141,132.622,2.0,3,0650-00-00,650.0027397260274,Medium
322040,Sand Mountain Field,Subduction zone / Continental crust (>25 km),Pyroclastic cone(s),United States,44.38,-121.93,4.0,2,950-BCE-00-00,-949.9972602739726,Low
352090,Sangay,Subduction zone / Continental crust (>25 km),Stratovolcano,Ecuador,-2.005,-78.341,2.0,11,2019-03-26,2019.237899543379,High
264050,Sangeang Api,Subduction zone / Continental crust (>25 km),Complex,Indonesia,-8.2,119.07,2.0,21,2017-07-15,2017.541095890411,High
343020,Santa Ana,Subduction zone / Continental crust (>25 km),Stratovolcano,El Salvador,13.853,-89.63,3.0,19,2005-06-16,2005.460502283105,High
351021,Santa Isabel,Subduction zone / Continental crust (>25 km),Shield,Colombia,4.818,-75.365,2.0,4,850-BCE-00-00,-849.9972602739726,Medium
342030,Santa Maria,Subduction zone / Continental crust (>25 km),Stratovolcano,Guatemala,14.757,-91.552,3.0,3,1922-06-22,1922.4769406392693,Medium
353090,Santiago,Rift zone / Oceanic crust (< 15 km),Shield,Ecuador,-0.22,-90.77,0.0,3,1904-00-00,1904.002739726028,Medium
212040,Santorini,Subduction zone / Continental crust (>25 km),Shield(s),Greece,36.404,25.396,2.0,13,1950-01-10,1950.027397260274,High
290240,Sarychev Peak,Subduction zone / Intermediate crust (15-25 km),Stratovolcano,Russia,48.092,153.2,2.0,21,2019-05-16,2019.377168949772,High
290080,Sashiusudake [Baransky],Subduction zone / Intermediate crust (15-25 km),Stratovolcano,Japan - administered by Russia,45.1,148.019,1.0,3,1951-07-15,1951.541095890411,Medium
390090,Saunders,Subduction zone / Oceanic crust (< 15 km),Stratovolcano,United Kingdom,-57.8,-26.483,1.0,9,2014-11-12,2014.866210045662,Medium
244040,Savai'i,Subduction zone / Oceanic crust (< 15 km),Shield,Samoa,-13.612,-172.525,2.0,12,1905-08-04,1905.594292237443,High
255070,Savo,Subduction zone / Crustal thickness unknown,Stratovolcano,Solomon Islands,-9.13,159.82,2.0,4,1865-00-00,1865.002739726028,Medium
231160,"Sawad, Harra Es-",Intraplate / Continental crust (>25 km),Volcanic field,Yemen,13.58,46.12,3.0,1,1253-00-00,1253.0027397260274,Low
390050,Seal Nunataks Group,Intraplate / Continental crust (>25 km),Pyroclastic cone(s),Antarctica,-65.03,-60.05,2.0,2,1980-06-15,1980.4577625570776,Low
311180,Seguam,Subduction zone / Intermediate crust (15-25 km),Stratovolcano(es),United States,52.315,-172.51,2.0,13,1993-05-28,1993.4100456621004,High
263300,Semeru,Subduction zone / Continental crust (>25 km),Stratovolcano,Indonesia,-8.108,112.922,3.0,65,2014-04-01,2014.252739726028,High
311060,Semisopochnoi,Subduction zone / Intermediate crust (15-25 km),Stratovolcano,United States,51.93,179.58,2.0,9,2019-12-07,2019.9358447488585,Medium
265070,Serua,Subduction zone / Oceanic crust (< 15 km),Stratovolcano,Indonesia,-6.312,130.017,2.0,12,1921-09-18,1921.71598173516,High
382080,Sete Cidades,Rift zone / Oceanic crust (< 15 km),Stratovolcano,Portugal,37.87,-25.78,0.0,16,1880-00-00,1880.002739726028,High
261020,Seulawah Agam,Subduction zone / Continental crust (>25 km),Stratovolcano,Indonesia,5.448,95.658,2.0,2,1839-01-12,1839.0328767123287,Low
300700,Severny,Subduction zone / Continental crust (>25 km),Shield,Russia,58.28,160.87,2.0,1,1550-BCE-00-00,-1549.9972602739726,Low
323010,Shasta,Subduction zone / Continental crust (>25 km),Stratovolcano,United States,41.409,-122.193,2.0,23,1786-00-00,1786.0027397260274,High
300270,Sheveluch,Subduction zone / Continental crust (>25 km),Stratovolcano,Russia,56.653,161.36,4.0,105,1999-08-15,1999.6244292237443,High
285040,Shikotsu,Subduction zone / Continental crust (>25 km),Caldera,Japan,42.688,141.38,1.0,43,1981-02-27,1981.157305936073,High
285090,Shiretoko-Iozan,Subduction zone / Continental crust (>25 km),Stratovolcano,Japan,44.133,145.161,1.0,7,1935-12-00,1935.919406392694,Medium
311360,Shishaldin,Subduction zone / Continental crust (>25 km),Stratovolcano,United States,54.756,-163.97,2.0,50,2019-07-23,2019.56301369863,High
222052,Silali,Rift zone / Continental crust (>25 km),Shield,Kenya,1.15,36.23,2.0,3,5050-BCE-00-00,-5049.997260273973,Medium
255050,Simbo,Subduction zone / Crustal thickness unknown,Stratovolcano(es),Solomon Islands,-8.292,156.52,2.0,1,1910-00-00,1910.002739726028,Low
261080,Sinabung,Subduction zone / Continental crust (>25 km),Stratovolcano,Indonesia,3.17,98.392,2.0,5,2019-02-06,2019.0997716894976,Medium
261070,Singkut,Subduction zone / Continental crust (>25 km),Caldera(s),Indonesia,3.248,98.501,2.0,1,1881-00-00,1881.002739726028,Low
264270,Sirung,Subduction zone / Crustal thickness unknown,Complex,Indonesia,-8.508,124.13,1.0,13,2015-07-07,2015.519178082192,High
263180,Slamet,Subduction zone / Continental crust (>25 km),Stratovolcano,Indonesia,-7.242,109.208,2.0,46,2014-03-08,2014.1885844748856,High
341021,Socorro,Rift zone / Oceanic crust (< 15 km),Shield,Mexico,18.78,-110.95,0.0,6,1993-01-29,1993.0794520547945,Medium
357111,Sollipulli,Subduction zone / Continental crust (>25 km),Caldera,Chile,-38.97,-71.52,2.0,2,1240-00-00,1240.0027397260274,Low
266030,Soputan,Subduction zone / Continental crust (>25 km),Stratovolcano,Indonesia,1.112,124.737,2.0,41,2020-03-23,2020.2296803652969,High
261120,Sorikmarapi,Subduction zone / Continental crust (>25 km),Stratovolcano,Indonesia,0.686,99.539,2.0,10,1996-05-05,1996.3470319634705,Medium
360060,Soufriere Guadeloupe,Subduction zone / Oceanic crust (< 15 km),Stratovolcano,France,16.044,-61.664,2.0,22,1976-07-08,1976.521917808219,High
360050,Soufriere Hills,Subduction zone / Oceanic crust (< 15 km),Stratovolcano,United Kingdom,16.72,-62.18,3.0,9,2005-04-15,2005.291095890411,Medium
360150,Soufriere St. Vincent,Subduction zone / Oceanic crust (< 15 km),Stratovolcano,Saint Vincent and the Grenadines,13.33,-61.18,3.0,22,1979-04-13,1979.285616438356,High
390070,Southern Thule,Subduction zone / Oceanic crust (< 15 km),Stratovolcano(es),United Kingdom,-59.442,-27.225,1.0,1,1975-07-02,1975.5054794520547,Low
313040,Spurr,Subduction zone / Continental crust (>25 km),Stratovolcano,United States,61.299,-152.251,4.0,8,1992-06-27,1992.4906392694063,Medium
250010,St. Andrew Strait,Subduction zone / Oceanic crust (< 15 km),Complex,Papua New Guinea,-2.38,147.35,2.0,4,1953-06-27,1953.4906392694063,Medium
321050,St. Helens,Subduction zone / Continental crust (>25 km),Stratovolcano,United States,46.2,-122.18,2.0,44,2004-10-01,2004.752739726028,High
314010,St. Paul Island,Intraplate / Continental crust (>25 km),Shield,United States,57.18,-170.3,2.0,2,1943-00-00,1943.002739726028,Low
211040,Stromboli,Subduction zone / Continental crust (>25 km),Stratovolcano,Italy,38.789,15.213,2.0,22,1934-02-02,1934.088812785388,High
342160,Suchitan,Subduction zone / Continental crust (>25 km),Stratovolcano(es),Guatemala,14.4,-89.78,2.0,1,1469-00-00,1469.0027397260274,Low
352040,Sumaco,Subduction zone / Continental crust (>25 km),Stratovolcano,Ecuador,-0.538,-77.626,2.0,3,1933-02-00,1933.0860730593608,Medium
261180,Sumbing,Subduction zone / Continental crust (>25 km),Stratovolcano,Indonesia,-2.414,101.728,2.0,2,1921-05-23,1921.396347031964,Low
263220,Sumbing,Subduction zone / Continental crust (>25 km),Stratovolcano,Indonesia,-7.384,110.07,1.0,1,1730-00-00,1730.0027397260274,Low
284080,Sumisujima,Subduction zone / Oceanic crust (< 15 km),Submarine,Japan,31.44,140.051,0.0,24,2005-03-08,2005.1885844748856,High
263210,Sundoro,Subduction zone / Continental crust (>25 km),Stratovolcano,Indonesia,-7.3,109.992,2.0,11,1971-10-29,1971.8294520547945,High
257010,Suretamatai,Subduction zone / Intermediate crust (15-25 km),Complex,Vanuatu,-13.8,167.47,2.0,4,1965-08-09,1965.60799086758,Medium
282030,Suwanosejima,Subduction zone / Oceanic crust (< 15 km),Stratovolcano(es),Japan,29.638,129.714,2.0,27,2004-10-23,2004.81301369863,High
273070,Taal,Subduction zone / Continental crust (>25 km),Caldera,Philippines,14.002,120.993,2.0,36,2020-01-12,2020.0328767123287,High
355011,Taapaca,Subduction zone / Continental crust (>25 km),Complex,Chile,-18.1,-69.5,2.0,8,320-BCE-00-00,-319.9972602739726,Medium
341130,Tacana,Subduction zone / Continental crust (>25 km),Stratovolcano,Mexico-Guatemala,15.132,-92.109,1.0,11,1986-02-16,1986.127168949772,High
355010,Tacora,Subduction zone / Continental crust (>25 km),Stratovolcano(es),Chile-Peru,-17.72,-69.77,2.0,2,1937-08-05,1937.5970319634705,Low
243120,Tafu-Maka,Rift zone / Oceanic crust (< 15 km),Submarine,Tonga,-15.37,-174.23,0.0,1,2008-11-16,2008.877168949772,Low
221010,"Tair, Jebel at",Rift zone / Oceanic crust (< 15 km),Stratovolcano,Yemen,15.55,41.83,3.0,5,2007-09-30,2007.7488584474888,Medium
285060,Taisetsuzan,Subduction zone / Continental crust (>25 km),Stratovolcano(es),Japan,43.664,142.854,2.0,5,1739-00-00,1739.0027397260274,Medium
283143,Takaharayama,Subduction zone / Continental crust (>25 km),Stratovolcano,Japan,36.9,139.777,4.0,1,4570-BCE-00-00,-4569.997260273973,Low
390027,Takahe,Intraplate / Continental crust (>25 km),Shield,Antarctica,-76.28,-112.08,2.0,3,5550-BCE-00-00,-5549.997260273973,Medium
261130,Talakmau,Subduction zone / Continental crust (>25 km),Complex,Indonesia,0.079,99.98,1.0,1,1937-09-08,1937.6885844748856,Low
261160,Talang,Subduction zone / Continental crust (>25 km),Stratovolcano,Indonesia,-0.979,100.681,2.0,15,2007-11-27,2007.907305936073,High
264040,Tambora,Subduction zone / Continental crust (>25 km),Stratovolcano,Indonesia,-8.25,118.0,0.0,7,1967-07-02,1967.5054794520547,Medium
311080,Tanaga,Subduction zone / Intermediate crust (15-25 km),Stratovolcano(es),United States,51.885,-178.146,0.0,8,1914-00-00,1914.002739726028,Medium
261150,Tandikat-Singgalang,Subduction zone / Continental crust (>25 km),Stratovolcano(es),Indonesia,-0.39,100.331,1.0,4,1924-04-00,1924.252739726028,Medium
266130,Tangkoko-Duasudara,Subduction zone / Continental crust (>25 km),Stratovolcano,Indonesia,1.518,125.185,1.0,7,1880-00-00,1880.002739726028,Medium
263090,Tangkuban Parahu,Subduction zone / Continental crust (>25 km),Stratovolcano,Indonesia,-6.77,107.6,2.0,22,2019-07-26,2019.5712328767124,High
290310,Tao-Rusyr Caldera,Subduction zone / Intermediate crust (15-25 km),Stratovolcano,Russia,49.35,154.7,3.0,2,1952-11-12,1952.866210045662,Low
241030,Taranaki,Subduction zone / Continental crust (>25 km),Stratovolcano,New Zealand,-39.3,174.07,2.0,43,1854-00-00,1854.002739726028,High
303010,Taryatu-Chulutu,Intraplate / Continental crust (>25 km),Volcanic field,Mongolia,48.133,99.95,2.0,1,2980-BCE-00-00,-2979.9972602739726,Low
281032,Tatun Volcanic Group,Subduction zone / Continental crust (>25 km),Lava dome(s),Taiwan,25.178,121.553,0.0,2,0648-00-00,648.0027397260274,Low
241070,Taupo,Subduction zone / Continental crust (>25 km),Caldera,New Zealand,-38.82,176.0,0.0,25,0260-00-00,260.0027397260274,High
245010,Taveuni,Subduction zone / Crustal thickness unknown,Shield,Fiji,-16.82,-179.97,0.0,34,1550-00-00,1550.0027397260274,High
343080,Tecapa,Subduction zone / Continental crust (>25 km),Stratovolcano,El Salvador,13.494,-88.502,2.0,1,1878-10-02,1878.7554794520547,Low
342120,Tecuamburro,Subduction zone / Continental crust (>25 km),Stratovolcano,Guatemala,14.156,-90.407,2.0,1,960-BCE-00-00,-959.9972602739726,Low
344040,Telica,Subduction zone / Continental crust (>25 km),Stratovolcano(es),Nicaragua,12.606,-86.84,1.0,50,2018-06-21,2018.474200913242,High
261050,"Telong, Bur ni",Subduction zone / Continental crust (>25 km),Stratovolcano,Indonesia,4.769,96.821,2.0,6,1937-00-00,1937.002739726028,Medium
213030,Tenduruk Dagi,Intraplate / Continental crust (>25 km),Shield,Turkey,39.356,43.874,2.0,2,1855-00-00,1855.002739726028,Low
383030,Tenerife,Intraplate / Oceanic crust (< 15 km),Stratovolcano,Spain,28.271,-16.641,2.0,46,1909-11-18,1909.8826484018264,High
275110,Tengchong,Intraplate / Continental crust (>25 km),Pyroclastic cone(s),China,25.23,98.5,2.0,2,1609-00-00,1609.0027397260274,Low
263310,Tengger Caldera,Subduction zone / Continental crust (>25 km),Stratovolcano(es),Indonesia,-7.942,112.95,2.0,69,2019-02-18,2019.1326484018264,High
382050,Terceira,Rift zone / Oceanic crust (< 15 km),Stratovolcano(es),Portugal,38.73,-27.32,0.0,15,1998-11-25,1998.9018264840183,High
373090,Theistareykir,Rift zone / Oceanic crust (< 15 km),Shield,Iceland,65.833,-17.166,0.0,3,900-BCE-00-00,-899.9972602739726,Medium
322070,Three Sisters,Subduction zone / Continental crust (>25 km),Complex,United States,44.133,-121.767,2.0,7,1853-07-00,1853.502739726028,Medium
256010,Tinakula,Subduction zone / Crustal thickness unknown,Stratovolcano,Solomon Islands,-10.386,165.804,2.0,27,2018-12-08,2018.9385844748856,High
357030,Tinguiririca,Subduction zone / Continental crust (>25 km),Stratovolcano,Chile,-34.814,-70.352,2.0,2,1994-01-15,1994.041095890411,Low
300560,Titila,Subduction zone / Continental crust (>25 km),Shield(s),Russia,57.406,160.108,2.0,1,550-BCE-00-00,-549.9972602739726,Low
373100,Tjornes Fracture Zone,Rift zone / Oceanic crust (< 15 km),Submarine,Iceland,66.309,-17.118,2.0,1,1867-12-00,1867.919406392694,Low
243060,Tofua,Subduction zone / Oceanic crust (< 15 km),Caldera,Tonga,-19.75,-175.07,1.0,11,2004-03-19,2004.2187214611872,High
285050,Tokachidake,Subduction zone / Continental crust (>25 km),Stratovolcano(es),Japan,43.418,142.686,1.0,28,2004-02-25,2004.1518264840183,High
300240,Tolbachik,Subduction zone / Continental crust (>25 km),Shield,Russia,55.832,160.326,4.0,60,2012-11-27,2012.907305936073,High
357093,Tolhuaca,Subduction zone / Continental crust (>25 km),Stratovolcano,Chile,-38.31,-71.645,0.0,4,4000-BCE-00-00,-3999.9972602739726,Medium
351030,"Tolima, Nevado del",Subduction zone / Continental crust (>25 km),Stratovolcano,Colombia,4.658,-75.33,2.0,12,1943-03-00,1943.169406392694,High
341070,"Toluca, Nevado de",Subduction zone / Continental crust (>25 km),Stratovolcano,Mexico,19.108,-99.758,2.0,1,1350-BCE-00-00,-1349.9972602739726,Low
290010,Tomariyama [Golovnin],Subduction zone / Intermediate crust (15-25 km),Caldera,Japan - administered by Russia,43.844,145.504,1.0,3,1848-00-00,1848.002739726028,Medium
241080,Tongariro,Subduction zone / Continental crust (>25 km),Stratovolcano(es),New Zealand,-39.157,175.632,2.0,79,2012-11-21,2012.890867579909,High
372050,Torfajokull,Rift zone / Oceanic crust (< 15 km),Stratovolcano,Iceland,63.892,-19.122,2.0,10,1477-03-00,1477.169406392694,Medium
284011,Toshima,Subduction zone / Oceanic crust (< 15 km),Stratovolcano,Japan,34.52,139.279,0.0,1,4550-BCE-00-00,-4549.997260273973,Low
283271,Towada,Subduction zone / Continental crust (>25 km),Caldera,Japan,40.51,140.88,5.0,8,0915-08-17,915.6299086757992,Medium
285030,Toya,Subduction zone / Continental crust (>25 km),Stratovolcano,Japan,42.544,140.839,2.0,14,2000-03-31,2000.251598173516,High
257090,Traitor's Head,Subduction zone / Intermediate crust (15-25 km),Stratovolcano,Vanuatu,-18.754,169.238,2.0,2,1959-07-02,1959.5054794520547,Low
312160,Trident,Subduction zone / Continental crust (>25 km),Stratovolcano,United States,58.236,-155.1,3.0,15,1974-07-15,1974.541095890411,High
386010,Tristan da Cunha,Rift zone / Oceanic crust (< 15 km),Shield,United Kingdom,-37.092,-12.28,2.0,2,1961-10-10,1961.777397260274,Low
360100,"Trois Pitons, Morne",Subduction zone / Oceanic crust (< 15 km),Complex,Dominica,15.37,-61.33,2.0,2,0920-00-00,920.0027397260274,Low
357072,Tromen,Subduction zone / Continental crust (>25 km),Stratovolcano(es),Argentina,-37.144,-70.033,2.0,2,1822-00-00,1822.002739726028,Low
221250,Tullu Moje,Rift zone / Continental crust (>25 km),Pyroclastic cone,Ethiopia,8.159,39.137,2.0,2,1900-00-00,1900.002739726028,Low
357010,Tupungatito,Subduction zone / Continental crust (>25 km),Stratovolcano,Chile-Argentina,-33.425,-69.797,2.0,20,1987-11-28,1987.9100456621004,High
345070,Turrialba,Subduction zone / Continental crust (>25 km),Stratovolcano,Costa Rica,10.025,-83.767,2.0,21,2015-03-08,2015.1885844748856,High
244020,Tutuila,Subduction zone / Oceanic crust (< 15 km),Tuff cone(s),United States,-14.295,-170.7,3.0,1,0440-00-00,440.0027397260274,Low
354040,Tutupaca,Subduction zone / Continental crust (>25 km),Stratovolcano(es),Peru,-17.026,-70.372,2.0,5,1902-06-00,1902.419406392694,Medium
323160,Ubehebe Craters,Rift zone / Continental crust (>25 km),Maar(s),United States,37.02,-117.45,2.0,1,150-BCE-00-00,-149.9972602739726,Low
302030,Udokan Plateau,Rift zone / Continental crust (>25 km),Pyroclastic cone(s),Russia,56.28,117.77,2.0,5,220-BCE-00-00,-219.9972602739726,Medium
312130,Ugashik-Peulik,Subduction zone / Continental crust (>25 km),Stratovolcano,United States,57.751,-156.368,2.0,5,1852-00-00,1852.002739726028,Medium
329010,Uinkaret Field,Rift zone / Continental crust (>25 km),Volcanic field,United States,36.38,-113.13,1.0,1,1100-00-00,1100.0027397260274,Low
312131,Ukinrek Maars,Subduction zone / Continental crust (>25 km),Maar(s),United States,57.832,-156.51,3.0,2,1977-03-30,1977.2488584474888,Low
306030,Ulreung,Intraplate / Continental crust (>25 km),Stratovolcano,South Korea,37.5,130.87,2.0,3,2990-BCE-00-00,-2989.9972602739726,Medium
282100,Unzendake,Subduction zone / Continental crust (>25 km),Complex,Japan,32.761,130.299,2.0,15,1996-02-10,1996.1107305936075,High
300261,Ushkovsky,Subduction zone / Continental crust (>25 km),Compound,Russia,56.113,160.509,2.0,3,1890-04-00,1890.252739726028,Medium
231020,"Uwayrid, Harrat",Intraplate / Continental crust (>25 km),Volcanic field,Saudi Arabia,27.08,37.25,2.0,1,0640-00-00,640.0027397260274,Low
300170,Uzon,Subduction zone / Continental crust (>25 km),Caldera(s),Russia,54.5,159.97,2.0,4,0200-00-00,200.0027397260274,Medium
244000,Vailulu'u,Subduction zone / Oceanic crust (< 15 km),Submarine,United States,-14.215,-169.058,0.0,3,2003-04-16,2003.2938356164384,Medium
214080,Vaiyots-Sar,Intraplate / Continental crust (>25 km),Pyroclastic cone(s),Armenia,39.797,45.497,2.0,2,0753-00-00,753.0027397260274,Low
372010,Vestmannaeyjar,Rift zone / Oceanic crust (< 15 km),Submarine,Iceland,63.416,-20.266,3.0,10,1973-01-23,1973.06301369863,Medium
211020,Vesuvius,Subduction zone / Continental crust (>25 km),Stratovolcano,Italy,40.821,14.426,3.0,61,1913-07-05,1913.513698630137,High
253030,Victory,Subduction zone / Continental crust (>25 km),Stratovolcano,Papua New Guinea,-9.2,149.07,2.0,2,1890-00-00,1890.002739726028,Low
357120,Villarrica,Subduction zone / Continental crust (>25 km),Stratovolcano,Chile,-39.42,-71.93,1.0,164,2014-12-02,2014.9221461187208,High
300083,Vilyuchik,Subduction zone / Continental crust (>25 km),Stratovolcano,Russia,52.7,158.28,2.0,1,8050-BCE-00-00,-8049.997260273973,Low
223050,Visoke,Rift zone / Continental crust (>25 km),Stratovolcano,DR Congo-Rwanda,-1.458,29.485,1.0,2,1957-08-01,1957.5860730593608,Low
211050,Vulcano,Subduction zone / Continental crust (>25 km),Stratovolcano(es),Italy,38.404,14.962,2.0,46,1968-07-11,1968.5301369863007,High
211003,Vulsini,Subduction zone / Continental crust (>25 km),Caldera,Italy,42.6,11.93,2.0,1,104-BCE-00-00,-103.9972602739726,Low
300221,Vysoky,Subduction zone / Continental crust (>25 km),Stratovolcano,Russia,55.064,160.765,0.0,1,550-BCE-00-00,-549.9972602739726,Low
324030,Wapi Lava Field,Rift zone / Continental crust (>25 km),Shield,United States,42.88,-113.22,2.0,1,300-BCE-00-00,-299.9972602739726,Low
360101,"Watt, Morne",Subduction zone / Oceanic crust (< 15 km),Stratovolcano(es),Dominica,15.307,-61.305,1.0,5,1997-07-15,1997.541095890411,Medium
320150,Wells Gray-Clearwater,Intraplate / Continental crust (>25 km),Pyroclastic cone(s),Canada,52.33,-120.57,2.0,2,1550-00-00,1550.0027397260274,Low
321060,West Crater,Subduction zone / Continental crust (>25 km),Volcanic field,United States,45.88,-122.08,2.0,2,5750-BCE-00-00,-5749.997260273973,Low
210010,West Eifel Volcanic Field,Rift zone / Continental crust (>25 km),Maar(s),Germany,50.17,6.85,2.0,2,8300-BCE-00-00,-8299.997260273973,Low
243130,West Mata,Subduction zone / Oceanic crust (< 15 km),Submarine,Tonga,-15.1,-173.75,0.0,1,2008-11-16,2008.877168949772,Low
311340,Westdahl,Subduction zone / Continental crust (>25 km),Stratovolcano?,United States,54.516,-164.65,3.0,8,1991-11-29,1991.912785388128,Medium
241040,Whakaari/White Island,Subduction zone / Continental crust (>25 km),Stratovolcano(es),New Zealand,-37.52,177.18,2.0,42,2019-12-09,2019.9413242009127,High
263270,Wilis,Subduction zone / Continental crust (>25 km),Stratovolcano,Indonesia,-7.808,111.758,2.0,1,1641-00-00,1641.0027397260274,Low
252080,Witori,Subduction zone / Continental crust (>25 km),Caldera,Papua New Guinea,-5.576,150.516,2.0,21,2012-05-03,2012.341552511416,High
315020,Wrangell,Intraplate / Continental crust (>25 km),Shield,United States,62.006,-144.017,1.0,14,2002-08-01,2002.5860730593608,High
305030,Wudalianchi,Intraplate / Continental crust (>25 km),Volcanic field,China,48.72,126.12,2.0,2,1776-00-00,1776.0027397260274,Low
283070,Yakedake,Subduction zone / Continental crust (>25 km),Stratovolcano(es),Japan,36.227,137.587,1.0,38,1995-02-11,1995.1134703196344,High
231080,"Yar, Jabal",Intraplate / Continental crust (>25 km),Volcanic field,Saudi Arabia,17.05,42.83,2.0,1,1810-00-00,1810.002739726028,Low
257100,Yasur,Subduction zone / Intermediate crust (15-25 km),Stratovolcano,Vanuatu,-19.532,169.447,3.0,4,1774-07-02,1774.5054794520547,Medium
300021,Yavinsky,Subduction zone / Continental crust (>25 km),Stratovolcano,Russia,51.533,156.629,2.0,1,4050-BCE-00-00,-4049.9972602739726,Low
325010,Yellowstone,Rift zone / Continental crust (>25 km),Caldera(s),United States,44.43,-110.67,2.0,4,1350-BCE-00-00,-1349.9972602739726,Medium
282021,Yokoate-jima,Subduction zone / Oceanic crust (< 15 km),Stratovolcano(es),Japan,28.797,128.997,2.0,1,1835-00-00,1835.002739726028,Low
283031,Yokodake,Subduction zone / Continental crust (>25 km),Stratovolcano(es),Japan,36.087,138.32,2.0,2,1200-00-00,1200.0027397260274,Low
282081,Yonemaru-Sumiyoshiike,Subduction zone / Continental crust (>25 km),Maar(s),Japan,31.771,130.592,3.0,2,6200-BCE-00-00,-6199.997260273973,Low
285032,Yoteizan,Subduction zone / Continental crust (>25 km),Stratovolcano,Japan,42.827,140.812,2.0,2,1050-BCE-00-00,-1049.9972602739726,Low
354050,Yucamane,Subduction zone / Continental crust (>25 km),Stratovolcano(es),Peru,-17.184,-70.196,5.0,1,1320-BCE-00-00,-1319.9972602739726,Low
282130,Yufu-Tsurumi,Subduction zone / Continental crust (>25 km),Lava dome(s),Japan,33.282,131.39,3.0,3,0867-03-04,867.1776255707763,Medium
311210,Yunaska,Subduction zone / Intermediate crust (15-25 km),Shield,United States,52.643,-170.629,3.0,6,1937-11-03,1937.841552511416,Medium
283190,Zaozan [Zaosan],Subduction zone / Continental crust (>25 km),Complex,Japan,38.144,140.44,1.0,52,1940-05-18,1940.3826484018264,High
300124,Zavaritsky,Subduction zone / Continental crust (>25 km),Pyroclastic cone(s),Russia,53.905,158.385,2.0,2,800-BCE-00-00,-799.9972602739726,Low
390130,Zavodovski,Subduction zone / Oceanic crust (< 15 km),Stratovolcano,United Kingdom,-56.3,-27.57,1.0,5,2016-03-30,2016.2488584474888,Medium
341061,Zitacuaro-Valle de Bravo,Subduction zone / Continental crust (>25 km),Caldera,Mexico,19.4,-100.25,0.0,1,3050-BCE-00-00,-3049.9972602739726,Low
221020,Zubair Group,Rift zone / Oceanic crust (< 15 km),Shield,Yemen,15.05,42.18,2.0,4,2013-09-28,2013.7433789954337,Medium
327120,Zuni-Bandera,Rift zone / Continental crust (>25 km),Volcanic field,United States,34.8,-108.0,0.0,2,1170-BCE-00-00,-1169.9972602739726,Low
